"","ID","StartDate","EndDate","Status","IPAddress","Progress","Duration (in seconds)","Finished","RecordedDate","ResponseId","RecipientLastName","RecipientFirstName","RecipientEmail","ExternalReference","LocationLatitude","LocationLongitude","DistributionChannel","UserLanguage","ProlificID","inUS","english","age","gender","Q2_8_TEXT","race","Q3_7_TEXT","ethnicity","Q1.2","Q2.2","Practice1_4","Practice1_5","Practice1_6","Practice2_15","Practice2_16","Practice2_17","Q5"
"1","L1","2022-01-25 13:08:09","2022-01-25 13:12:58","IP Address","66.253.198.25","100","289","True","2022-01-25 13:12:58","R_3JFqaz1c0gXF3iW","","","","","30.6385955810546875","-96.3657989501953125","anonymous","EN","5f112ff34bd17349da319e7c","Yes","Yes, it is my native language",21,"Woman","","Biracial or Multiracial","","Hispanic/Latino","Yes, I can hear the audio.","","100","100","100","99","100","100","Yes, I am ready to begin."
"2","L2","2022-01-25 13:13:20","2022-01-25 13:19:40","IP Address","76.210.30.168","100","380","True","2022-01-25 13:19:40","R_2CEaC52jirGhFwv","","","","","33.1999969482421875","-87.55999755859375","anonymous","EN","5af09ff00eca060001b1379c","Yes","Yes, it is my native language",50,"Woman","","Black/African American","","Not Hispanic/Latino","Yes, I can hear the audio.","","100","100","100","55","82","100","Yes, I am ready to begin."
"3","L3","2022-01-25 13:17:11","2022-01-25 13:22:34","IP Address","68.42.10.127","100","323","True","2022-01-25 13:22:34","R_24plNGjITO7OWgQ","","","","","35.4557037353515625","-84.60260009765625","anonymous","EN","61307312c7c80673e93ba6eb","Yes","Yes, it is my native language",47,"Woman","","White/Caucasian","","Not Hispanic/Latino","Yes, I can hear the audio.","","64","77","85","13","65","91","Yes, I am ready to begin."
"4","L4","2022-01-25 13:21:54","2022-01-25 13:27:00","IP Address","107.212.4.33","100","305","True","2022-01-25 13:27:01","R_brAmVw0J2Ij1vyh","","","","","33.5843963623046875","-84.3206024169921875","anonymous","EN","60fdd3142e436fde17e4f8c0","Yes","Yes, it is my native language",26,"Woman","","Black/African American","","Not Hispanic/Latino","Yes, I can hear the audio.","","79","97","94","86","100","87","Yes, I am ready to begin."
"5","L5","2022-01-25 13:27:18","2022-01-25 13:31:49","IP Address","140.254.77.237","100","271","True","2022-01-25 13:31:50","R_ZCWPNYYbZAtyQUh","","","","","40.004302978515625","-83.0177001953125","anonymous","EN","615a91490a735c034df40456","Yes","Yes, it is my native language",19,"Man","","Asian American","","Not Hispanic/Latino","Yes, I can hear the audio.","","100","100","100","100","100","100","Yes, I am ready to begin."
"6","L6","2022-01-25 13:16:32","2022-01-25 13:41:16","IP Address","98.102.12.250","100","1484","True","2022-01-25 13:41:16","R_2uP9yEPgPjEv9NE","","","","","43.002593994140625","-87.94170379638671875","anonymous","EN","614e29a3a354be1de3eb1bc8","Yes","Yes, it is my native language",30,"Woman","","White/Caucasian","","Not Hispanic/Latino","Yes, I can hear the audio.","","100","96","96","87","88","81","Yes, I am ready to begin."
"7","L7","2022-01-25 13:42:52","2022-01-25 13:46:48","IP Address","69.203.12.36","100","235","True","2022-01-25 13:46:48","R_BEUjhsU25APstkl","","","","","40.7852020263671875","-73.8097991943359375","anonymous","EN","604d0a009bed2ea8c5098434","Yes","Yes, it is my native language",30,"Man","","Asian American","","Not Hispanic/Latino","Yes, I can hear the audio.","","82","91","85","84","78","95","Yes, I am ready to begin."
"8","L8","2022-01-25 13:43:08","2022-01-25 13:47:39","IP Address","69.212.103.199","100","270","True","2022-01-25 13:47:39","R_2pWDoiogsyyAShq","","","","","32.3390045166015625","-97.41629791259765625","anonymous","EN","6109e66221c80df99630b0b3","Yes","Yes, it is my native language",30,"Man","","White/Caucasian","","Not Hispanic/Latino","Yes, I can hear the audio.","","100","100","100","100","100","100","Yes, I am ready to begin."
"9","L9","2022-01-25 13:51:02","2022-01-25 13:54:41","IP Address","134.215.168.38","100","219","True","2022-01-25 13:54:41","R_2PAuoUUPAgZ7gt6","","","","","30.7967987060546875","-81.70510101318359375","anonymous","EN","58c38ef58158840001b5c230","Yes","Yes, it is my native language",34,"Man","","White/Caucasian","","Not Hispanic/Latino","Yes, I can hear the audio.","","100","100","100","100","100","100","Yes, I am ready to begin."
"10","L10","2022-01-25 13:54:36","2022-01-25 14:01:42","IP Address","99.125.120.231","100","425","True","2022-01-25 14:01:42","R_Q9TliWvMDHEoGI1","","","","","33.1371002197265625","-96.74880218505859375","anonymous","EN","5df992d219232d7078b39f79","Yes","Yes, it is my second language",28,"Man","","Asian American","","Not Hispanic/Latino","Yes, I can hear the audio.","","97","77","99","38","28","68","Yes, I am ready to begin."
"11","L11","2022-01-25 23:38:27","2022-01-25 23:43:24","IP Address","73.162.34.34","100","297","True","2022-01-25 23:43:25","R_24aN4qEsjWPVs8F","","","","","37.756195068359375","-122.486602783203125","anonymous","EN","6100e620cb97cef5cc765920","Yes","Yes, it is my second language",22,"Woman","","Asian American","","Not Hispanic/Latino","Yes, I can hear the audio.","","100","96","90","100","97","90","Yes, I am ready to begin."
"12","L12","2022-01-25 23:39:58","2022-01-25 23:43:38","IP Address","24.187.120.44","100","220","True","2022-01-25 23:43:39","R_3KQ27EMO7epsXbT","","","","","40.8905029296875","-74.0503997802734375","anonymous","EN","61145f169fd30c5b41bc1541","Yes","Yes, it is my native language",24,"Woman","","White/Caucasian","","Not Hispanic/Latino","Yes, I can hear the audio.","","100","100","100","100","100","100","Yes, I am ready to begin."
"13","L13","2022-01-25 23:42:05","2022-01-25 23:47:38","IP Address","70.114.154.81","100","332","True","2022-01-25 23:47:38","R_3HThMlYDptn4Jf2","","","","","30.5153961181640625","-97.6688995361328125","anonymous","EN","610878f08e2b6c83ea3905da","Yes","Yes, it is my native language",30,"Man","","White/Caucasian","","Not Hispanic/Latino","Yes, I can hear the audio.","","100","100","100","100","100","100","Yes, I am ready to begin."
"14","L14","2022-01-25 23:44:03","2022-01-25 23:51:40","IP Address","70.95.253.90","100","457","True","2022-01-25 23:51:40","R_24io4AkpVzb0RiJ","","","","","33.6748046875","-117.908905029296875","anonymous","EN","6108370ff5b4a318ecd98f18","Yes","Yes, it is my native language",23,"Woman","","White/Caucasian","","Hispanic/Latino","Yes, I can hear the audio.","","100","99","97","99","96","99","Yes, I am ready to begin."
"15","L15","2022-01-25 23:49:11","2022-01-25 23:54:06","IP Address","73.81.95.103","100","295","True","2022-01-25 23:54:06","R_25toNQa3hUJGllu","","","","","39.9945068359375","-75.16480255126953125","anonymous","EN","5d6513f46f5284000118ef1d","Yes","Yes, it is my native language",23,"Man","","White/Caucasian","","Not Hispanic/Latino","Yes, I can hear the audio.","","82","91","100","100","100","100","Yes, I am ready to begin."
"16","L16","2022-01-25 23:52:27","2022-01-25 23:59:08","IP Address","108.226.198.101","100","401","True","2022-01-25 23:59:08","R_2qF6rMbUDLWYOEH","","","","","35.4145050048828125","-119.0402984619140625","anonymous","EN","5ed70cb596035b197801f12f","Yes","Yes, it is my native language",32,"Woman","","White/Caucasian","","Not Hispanic/Latino","Yes, I can hear the audio.","","100","100","100","100","100","100","Yes, I am ready to begin."
"17","L17","2022-01-25 23:55:46","2022-01-25 23:59:48","IP Address","73.225.143.21","100","241","True","2022-01-25 23:59:48","R_3Ld1TAz0MpZwqih","","","","","47.169097900390625","-122.506500244140625","anonymous","EN","6013a39aaa022528c98e57c8","Yes","Yes, it is my native language",29,"Woman","","White/Caucasian","","Not Hispanic/Latino","Yes, I can hear the audio.","","100","100","100","72","97","100","Yes, I am ready to begin."
"18","L18","2022-01-25 23:56:18","2022-01-26 00:01:18","IP Address","104.186.2.254","100","299","True","2022-01-26 00:01:19","R_2dneP0rCeKMM1f3","","","","","38.4481048583984375","-91.0193023681640625","anonymous","EN","610224d2e45717763def83bc","Yes","Yes, it is my native language",19,"Woman","","White/Caucasian","","Not Hispanic/Latino","Yes, I can hear the audio.","","100","100","100","76","100","100","Yes, I am ready to begin."
"19","L19","2022-01-26 00:01:15","2022-01-26 00:03:58","IP Address","172.58.140.126","100","162","True","2022-01-26 00:03:58","R_sLROr9c5iHwQMb7","","","","","41.9456939697265625","-87.7393035888671875","anonymous","EN","60fe10807b1c342bde8fc6e9","Yes","Yes, it is my native language",21,"Woman","","White/Caucasian","","Not Hispanic/Latino","Yes, I can hear the audio.","","100","100","100","100","100","100","Yes, I am ready to begin."
"20","L20","2022-01-26 00:00:34","2022-01-26 00:04:48","IP Address","153.33.153.30","100","253","True","2022-01-26 00:04:49","R_0Ie4aElHjGCmS3L","","","","","36.055694580078125","-94.15670013427734375","anonymous","EN","6066354378f7d545524113b4","Yes","Yes, it is my native language",25,"Woman","","White/Caucasian","","Not Hispanic/Latino","Yes, I can hear the audio.","","100","74","83","100","100","100","Yes, I am ready to begin."
"21","L21","2022-01-26 00:00:59","2022-01-26 00:04:51","IP Address","172.220.4.100","100","232","True","2022-01-26 00:04:52","R_1i9vLQEV7sqyJj0","","","","","43.081207275390625","-89.38449859619140625","anonymous","EN","61115d821fe239854dfcdf13","Yes","Yes, it is my native language",23,"Woman","","White/Caucasian","","Not Hispanic/Latino","Yes, I can hear the audio.","","100","100","100","100","100","100","Yes, I am ready to begin."
"22","L22","2022-01-25 23:57:42","2022-01-26 00:04:55","IP Address","172.248.160.228","100","433","True","2022-01-26 00:04:56","R_2SIZTSOXgl6ha8g","","","","","33.5673980712890625","-117.1757965087890625","anonymous","EN","61078eb7c1cb553ff86ee9d1","Yes","Yes, it is my native language",19,"Woman","","White/Caucasian","","Hispanic/Latino","Yes, I can hear the audio.","","100","99","100","100","100","100","Yes, I am ready to begin."
"23","L23","2022-01-26 00:01:31","2022-01-26 00:06:02","IP Address","66.44.33.169","100","270","True","2022-01-26 00:06:02","R_2zcCVgZg4w5y1g7","","","","","38.9391937255859375","-77.05840301513671875","anonymous","EN","5b182365316c630001abff4f","Yes","Yes, it is my native language",35,"Woman","","White/Caucasian","","Not Hispanic/Latino","Yes, I can hear the audio.","","100","100","100","93","100","90","Yes, I am ready to begin."
"24","L24","2022-01-26 00:01:23","2022-01-26 00:06:14","IP Address","131.150.114.13","100","290","True","2022-01-26 00:06:14","R_3De9ol03dAQtQlN","","","","","42.1920928955078125","-121.723297119140625","anonymous","EN","6107535c96c75a752889da50","Yes","Yes, it is my native language",29,"Woman","","White/Caucasian","","Not Hispanic/Latino","Yes, I can hear the audio.","","75","100","100","100","100","70","Yes, I am ready to begin."
"25","L25","2022-01-25 23:57:21","2022-01-26 00:09:44","IP Address","73.129.68.67","100","743","True","2022-01-26 00:09:45","R_AGwjT9ubPSPFuY9","","","","","38.937896728515625","-77.08589935302734375","anonymous","EN","5ba5d8b960f3d50001697104","Yes","Yes, it is my native language",62,"Woman","","White/Caucasian","","Not Hispanic/Latino","Yes, I can hear the audio.","","100","100","100","100","100","100","Yes, I am ready to begin."
"26","L26","2022-01-26 10:41:11","2022-01-26 10:44:36","IP Address","73.44.34.229","100","205","True","2022-01-26 10:44:37","R_ApTc88nFWIOSTnj","","","","","41.5066986083984375","-87.96309661865234375","anonymous","EN","60fcf9abf635e9904cb7dca9","Yes","Yes, it is my native language",21,"Woman","","Other","Hispanic","Hispanic/Latino","Yes, I can hear the audio.","","94","95","93","95","97","95","Yes, I am ready to begin."
"27","L27","2022-01-26 10:42:05","2022-01-26 10:45:35","IP Address","71.163.84.68","100","209","True","2022-01-26 10:45:35","R_beyo5CBNiHt92OB","","","","","39.1584930419921875","-77.08370208740234375","anonymous","EN","611c0958e3975a30a658a3fe","Yes","Yes, it is my native language",18,"Woman","","White/Caucasian","","Not Hispanic/Latino","Yes, I can hear the audio.","","100","100","100","83","100","100","Yes, I am ready to begin."
"28","L28","2022-01-26 10:40:22","2022-01-26 10:45:37","IP Address","173.184.237.76","100","315","True","2022-01-26 10:45:38","R_24tRsfPSFinaB8b","","","","","34.782806396484375","-84.933197021484375","anonymous","EN","5ac5374da3ba7a0001b4a75f","Yes","Yes, it is my native language",40,"Man","","White/Caucasian","","Not Hispanic/Latino","Yes, I can hear the audio.","","100","100","100","97","94","95","Yes, I am ready to begin."
"29","L29","2022-01-26 10:41:32","2022-01-26 10:46:18","IP Address","47.26.58.200","100","285","True","2022-01-26 10:46:18","R_0rppZaGVHpeVznr","","","","","44.316802978515625","-84.76020050048828125","anonymous","EN","https://hbs.qualtrics.com/jfe/form/SV_6P6Ub2remymUxb8#:~:text=people%E2%80%99s%20perceptions%20of%20consumer%20services,%C2%A0","Yes","Yes, it is my native language",54,"Woman","","White/Caucasian","","Not Hispanic/Latino","Yes, I can hear the audio.","","100","100","100","100","100","100","Yes, I am ready to begin."
"30","L30","2022-01-26 10:42:58","2022-01-26 10:46:22","IP Address","67.11.22.208","100","203","True","2022-01-26 10:46:22","R_AopHq06dHG9k1XP","","","","","29.722900390625","-98.0742034912109375","anonymous","EN","6100fa7db4e4d5781cc5d185","Yes","Yes, it is my native language",19,"Man","","Other","","Hispanic/Latino","Yes, I can hear the audio.","","100","100","100","100","100","100","Yes, I am ready to begin."
"31","L31","2022-01-26 10:43:48","2022-01-26 10:50:13","IP Address","173.242.130.250","100","385","True","2022-01-26 10:50:13","R_PASBTcyqEWMZ9eh","","","","","37.87640380859375","-86.3007965087890625","anonymous","EN","60f99f9d7acea24790f070b9","Yes","Yes, it is my native language",26,"Woman","","Biracial or Multiracial","","Not Hispanic/Latino","Yes, I can hear the audio.","","100","100","100","100","100","100","Yes, I am ready to begin."
"32","L32","2022-01-26 10:45:46","2022-01-26 10:50:25","IP Address","12.14.208.194","100","279","True","2022-01-26 10:50:26","R_3oKQkYzpsD8eetb","","","","","38.432098388671875","-90.3896026611328125","anonymous","EN","610819070f272e33ed379acd","Yes","Yes, it is my native language",50,"Woman","","White/Caucasian","","Not Hispanic/Latino","Yes, I can hear the audio.","","100","100","100","85","100","88","Yes, I am ready to begin."
"33","L33","2022-01-26 10:54:14","2022-01-26 10:58:05","IP Address","24.10.3.148","100","231","True","2022-01-26 10:58:05","R_3KZyuulaEsCAH0W","","","","","38.5879058837890625","-121.405303955078125","anonymous","EN","5d89c4dd68f9d60001a21500","Yes","Yes, it is my native language",24,"Woman","","White/Caucasian","","Not Hispanic/Latino","Yes, I can hear the audio.","","100","100","100","100","100","100","Yes, I am ready to begin."
"34","L34","2022-01-26 10:55:39","2022-01-26 11:00:10","IP Address","162.201.188.87","100","270","True","2022-01-26 11:00:10","R_2sdxzDtfICTQkj3","","","","","25.73809814453125","-80.3119964599609375","anonymous","EN","611199be966330372e651eb6","Yes","Yes, it is my native language",21,"Woman","","White/Caucasian","","Not Hispanic/Latino","Yes, I can hear the audio.","","77","87","81","74","80","84","Yes, I am ready to begin."
"35","L35","2022-01-26 10:52:31","2022-01-26 11:00:25","IP Address","47.183.174.150","100","474","True","2022-01-26 11:00:25","R_1Lj23iuScs5WAFE","","","","","31.7743072509765625","-98.99019622802734375","anonymous","EN","611c31c77df20ecc6881cc44","Yes","Yes, it is my native language",65,"Woman","","White/Caucasian","","Not Hispanic/Latino","Yes, I can hear the audio.","","100","100","100","100","100","100","Yes, I am ready to begin."
"36","L36","2022-01-26 10:57:07","2022-01-26 11:00:58","IP Address","24.45.53.253","100","230","True","2022-01-26 11:00:58","R_3g8cJZihCin1qER","","","","","40.821197509765625","-72.985198974609375","anonymous","EN","60fdc5bcbdcf3ea551f401a2","Yes","Yes, it is my native language",22,"Woman","","White/Caucasian","","Not Hispanic/Latino","Yes, I can hear the audio.","","100","100","100","100","100","100","Yes, I am ready to begin."
"37","L37","2022-01-26 10:56:17","2022-01-26 11:02:36","IP Address","74.231.24.34","100","379","True","2022-01-26 11:02:37","R_2EbJwfbfUfL6IRQ","","","","","33.9481964111328125","-83.9944000244140625","anonymous","EN","6107ea7bb44b10bb04a154a3","Yes","Yes, it is my native language",23,"Woman","","White/Caucasian","","Not Hispanic/Latino","Yes, I can hear the audio.","","100","100","100","100","100","100","Yes, I am ready to begin."
"38","L38","2022-01-26 10:57:33","2022-01-26 11:03:09","IP Address","67.247.64.47","100","335","True","2022-01-26 11:03:10","R_1MYEvA0AjG8cmsN","","","","","43.0641937255859375","-74.3339996337890625","anonymous","EN","5e6162fd64d2080671040317","Yes","Yes, it is my native language",57,"Woman","","White/Caucasian","","Not Hispanic/Latino","Yes, I can hear the audio.","","100","100","2","100","100","100","Yes, I am ready to begin."
"39","L39","2022-01-26 11:00:53","2022-01-26 11:05:19","IP Address","98.29.179.179","100","266","True","2022-01-26 11:05:20","R_W68HCGH423fnpzX","","","","","39.841094970703125","-84.41829681396484375","anonymous","EN","61009c10f891215639778a0a","Yes","Yes, it is my native language",21,"Woman","","White/Caucasian","","Not Hispanic/Latino","Yes, I can hear the audio.","","79","88","100","86","89","95","Yes, I am ready to begin."
"40","L40","2022-01-26 11:01:44","2022-01-26 11:05:29","IP Address","184.152.62.213","100","225","True","2022-01-26 11:05:30","R_27BVk8EzHAaNVqq","","","","","40.664306640625","-73.9763031005859375","anonymous","EN","5589a205fdf99b7ae47f60c2","Yes","Yes, it is my native language",37,"Woman","","White/Caucasian","","Not Hispanic/Latino","Yes, I can hear the audio.","","100","100","100","100","100","100","Yes, I am ready to begin."
"41","L41","2022-01-26 11:01:56","2022-01-26 11:05:34","IP Address","97.119.183.209","100","217","True","2022-01-26 11:05:34","R_2YEYOLedej6Uwri","","","","","41.264801025390625","-96.00009918212890625","anonymous","EN","5f8ddd5df3a3ef14fb8c1e40","Yes","Yes, it is my native language",32,"Man","","White/Caucasian","","Not Hispanic/Latino","Yes, I can hear the audio.","","100","90","100","88","95","100","Yes, I am ready to begin."
"42","L42","2022-01-26 11:02:32","2022-01-26 11:05:35","IP Address","75.112.167.58","100","183","True","2022-01-26 11:05:35","R_AgMFCUEXUVj1VkJ","","","","","28.575897216796875","-81.39569854736328125","anonymous","EN","5c46540c4b9ebe00012eef7f","Yes","Yes, it is my native language",33,"Man","","White/Caucasian","","Not Hispanic/Latino","Yes, I can hear the audio.","","100","100","100","100","100","100","Yes, I am ready to begin."
"43","L43","2022-01-26 11:02:23","2022-01-26 11:09:25","IP Address","24.196.184.252","100","421","True","2022-01-26 11:09:25","R_3JdV7NV1YshuMcg","","","","","34.889892578125","-82.4019012451171875","anonymous","EN","5fff95c313799d10cc390f19","Yes","Yes, it is my native language",41,"Man","","White/Caucasian","","Not Hispanic/Latino","Yes, I can hear the audio.","","100","100","100","100","100","100","Yes, I am ready to begin."
"44","L44","2022-01-26 11:07:14","2022-01-26 11:10:57","IP Address","76.240.26.164","100","223","True","2022-01-26 11:10:58","R_3fpISaEwcFSsu7R","","","","","34.0388946533203125","-84.382598876953125","anonymous","EN","6109c9cf71f470c8a7ea2519","Yes","Yes, it is my native language",27,"Woman","","Asian American","","Not Hispanic/Latino","Yes, I can hear the audio.","","100","100","100","100","100","100","Yes, I am ready to begin."
"45","L45","2022-01-26 11:08:12","2022-01-26 11:11:53","IP Address","99.171.72.238","100","221","True","2022-01-26 11:11:54","R_3dFHu6nQtNG5oh4","","","","","30.9459075927734375","-83.249603271484375","anonymous","EN","5ddd7db419eecbce5c2dbc6f","Yes","Yes, it is my native language",33,"Woman","","Black/African American","","Not Hispanic/Latino","Yes, I can hear the audio.","","100","100","100","100","100","100","Yes, I am ready to begin."
"46","L46","2022-01-26 11:02:27","2022-01-26 11:12:01","IP Address","72.85.16.139","100","574","True","2022-01-26 11:12:01","R_1DZ6s5znYluXNoy","","","","","39.3887939453125","-76.49880218505859375","anonymous","EN","614e64473e9073bb219b270d","Yes","Yes, it is my native language",72,"Man","","Native American or Alaska Native","","Not Hispanic/Latino","Yes, I can hear the audio.","","100","100","100","100","100","100","Yes, I am ready to begin."
"47","L47","2022-01-26 11:07:18","2022-01-26 11:12:36","IP Address","35.137.231.87","100","317","True","2022-01-26 11:12:37","R_1OTu5FPsEgimu7c","","","","","28.031005859375","-82.72389984130859375","anonymous","EN","61003bc268807a14eae9fdd2","Yes","Yes, it is my native language",38,"Woman","","White/Caucasian","","Not Hispanic/Latino","Yes, I can hear the audio.","","100","100","100","96","95","100","Yes, I am ready to begin."
"48","L48","2022-01-26 11:08:51","2022-01-26 11:12:57","IP Address","108.41.150.253","100","246","True","2022-01-26 11:12:58","R_0VNkcYH5R7FkaD7","","","","","40.6114959716796875","-74.01560211181640625","anonymous","EN","6117ba4fd05245c3cc387782","Yes","Yes, it is my native language",20,"Woman","","White/Caucasian","","Hispanic/Latino","Yes, I can hear the audio.","","100","100","100","100","100","100","Yes, I am ready to begin."
"49","L49","2022-01-26 11:09:29","2022-01-26 11:13:34","IP Address","76.98.54.205","100","244","True","2022-01-26 11:13:35","R_25Au7PZL9ID6mNq","","","","","39.8545074462890625","-75.37729644775390625","anonymous","EN","5a6e6e67ab58b500015f6b8c","Yes","Yes, it is my native language",37,"Woman","","Black/African American","","Not Hispanic/Latino","Yes, I can hear the audio.","","100","100","96","100","100","100","Yes, I am ready to begin."
"50","L50","2022-01-26 11:10:33","2022-01-26 11:15:53","IP Address","104.59.64.5","100","319","True","2022-01-26 11:15:53","R_1dbFfz6FvRv1e9Z","","","","","30.4940948486328125","-90.47509765625","anonymous","EN","56caf7b564c068000c4d798a","Yes","Yes, it is my native language",41,"Woman","","White/Caucasian","","Not Hispanic/Latino","Yes, I can hear the audio.","","100","100","100","100","100","100","Yes, I am ready to begin."
"51","L51","2022-01-26 11:09:37","2022-01-26 11:16:29","IP Address","104.184.30.136","100","411","True","2022-01-26 11:16:29","R_1OVrKjACdhCqrXM","","","","","29.4698028564453125","-98.53569793701171875","anonymous","EN","60fd93c3cd2e78a8b5130f53","Yes","Yes, it is my native language",26,"Woman","","Other","Hispanic","Hispanic/Latino","Yes, I can hear the audio.","","100","100","100","100","100","100","Yes, I am ready to begin."
"52","L52","2022-01-26 11:10:22","2022-01-26 11:16:36","IP Address","24.131.41.116","100","374","True","2022-01-26 11:16:37","R_3Hkn4ia0SZFJNkY","","","","","34.0413970947265625","-84.50530242919921875","anonymous","EN","60fcdd362d1a5e0d012b91f0","Yes","Yes, it is my native language",22,"Woman","","Black/African American","","Not Hispanic/Latino","Yes, I can hear the audio.","","100","100","100","57","60","57","Yes, I am ready to begin."
"53","L53","2022-01-26 11:14:03","2022-01-26 11:19:08","IP Address","50.80.153.49","100","304","True","2022-01-26 11:19:08","R_3Qpz1Gtbvgi77G1","","","","","44.90069580078125","-93.577301025390625","anonymous","EN","610004c9aeac3ed3a59b4d8c","Yes","Yes, it is my native language",23,"Woman","","White/Caucasian","","Not Hispanic/Latino","Yes, I can hear the audio.","","69","100","100","84","100","85","Yes, I am ready to begin."
"54","L54","2022-01-26 11:13:20","2022-01-26 11:19:17","IP Address","75.190.168.50","100","356","True","2022-01-26 11:19:17","R_3GEdVETi4Ghu6oN","","","","","35.9824981689453125","-78.53759765625","anonymous","EN","5a0a03fa074b190001251b3c","Yes","Yes, it is my native language",32,"Man","","White/Caucasian","","Not Hispanic/Latino","Yes, I can hear the audio.","","80","90","100","75","75","69","Yes, I am ready to begin."
"55","L55","2022-01-26 11:15:46","2022-01-26 11:19:38","IP Address","73.74.123.61","100","231","True","2022-01-26 11:19:39","R_1155hiP0WRxZ3aC","","","","","42.0648040771484375","-87.93560028076171875","anonymous","EN","5be49b6b01b0c8000191aa49","Yes","Yes, it is my native language",22,"Woman","","Asian American","","Not Hispanic/Latino","Yes, I can hear the audio.","","100","100","100","100","100","100","Yes, I am ready to begin."
"56","L56","2022-01-26 11:16:30","2022-01-26 11:19:54","IP Address","98.27.58.235","100","204","True","2022-01-26 11:19:55","R_1DoHy8Ky3zRlDLk","","","","","35.91510009765625","-79.097198486328125","anonymous","EN","6108ac3098807a65aca0aba1","Yes","Yes, it is my native language",20,"Woman","","White/Caucasian","","Not Hispanic/Latino","Yes, I can hear the audio.","","100","100","100","100","100","100","Yes, I am ready to begin."
"57","L57","2022-01-26 11:18:47","2022-01-26 11:22:11","IP Address","68.99.209.40","100","204","True","2022-01-26 11:22:12","R_Oa1r846glIwEQJX","","","","","32.25030517578125","-110.94499969482421875","anonymous","EN","612993e12ec11a07dc1c38c4","Yes","Yes, it is my native language",20,"Woman","","White/Caucasian","","Not Hispanic/Latino","Yes, I can hear the audio.","","100","100","100","100","100","100","Yes, I am ready to begin."
"58","L58","2022-01-26 11:16:48","2022-01-26 11:22:19","IP Address","107.4.223.66","100","330","True","2022-01-26 11:22:19","R_2af9hdhaaAaojee","","","","","45.0435028076171875","-93.482696533203125","anonymous","EN","6165fa1ef36ed626fe53539b","Yes","Yes, it is my native language",44,"Man","","White/Caucasian","","Not Hispanic/Latino","Yes, I can hear the audio.","","89","97","90","26","51","78","Yes, I am ready to begin."
"59","L59","2022-01-26 11:17:59","2022-01-26 11:22:55","IP Address","136.55.182.177","100","296","True","2022-01-26 11:22:56","R_1LjPUhVcViyC6FA","","","","","33.8018951416015625","-84.38610076904296875","anonymous","EN","60ff145f0dde69cb92e7c6e5","Yes","Yes, it is my native language",23,"Woman","","Biracial or Multiracial","","Not Hispanic/Latino","Yes, I can hear the audio.","","100","100","100","100","100","100","Yes, I am ready to begin."
"60","L60","2022-01-26 11:19:46","2022-01-26 11:23:33","IP Address","75.80.49.18","100","227","True","2022-01-26 11:23:34","R_3dYq9QX5Najn6V2","","","","","32.8594970703125","-117.21240234375","anonymous","EN","60feeb8629c33fa1c661b050","Yes","Yes, it is my native language",20,"Woman","","","","Not Hispanic/Latino","Yes, I can hear the audio.","","100","62","93","100","87","100","Yes, I am ready to begin."
"61","L61","2022-01-26 11:21:09","2022-01-26 11:24:04","IP Address","68.103.192.102","100","175","True","2022-01-26 11:24:05","R_Qc3McEgO3wttKxj","","","","","37.5543975830078125","-97.25859832763671875","anonymous","EN","5dddd95d238a91d4fa1a8cf6","Yes","Yes, it is my native language",30,"Woman","","White/Caucasian","","Not Hispanic/Latino","Yes, I can hear the audio.","","100","91","100","91","100","100","Yes, I am ready to begin."
"62","L62","2022-01-26 11:18:50","2022-01-26 11:25:06","IP Address","99.35.39.226","100","375","True","2022-01-26 11:25:06","R_27pnGoEFcm2cGPc","","","","","29.9380950927734375","-90.0308990478515625","anonymous","EN","61202b6be797314915cb1bd7","Yes","Yes, it is my native language",19,"Woman","","White/Caucasian","","Not Hispanic/Latino","Yes, I can hear the audio.","","100","100","100","100","100","100","Yes, I am ready to begin."
"63","L63","2022-01-26 11:21:04","2022-01-26 11:25:14","IP Address","99.64.253.4","100","250","True","2022-01-26 11:25:15","R_pbjaujhzXbSXcR3","","","","","41.71240234375","-87.747802734375","anonymous","EN","5ddb58c61f179ea91098c6c1","Yes","Yes, it is my second language",34,"Woman","","Asian American","","Not Hispanic/Latino","Yes, I can hear the audio.","","100","100","84","95","100","100","Yes, I am ready to begin."
"64","L64","2022-01-26 11:21:22","2022-01-26 11:25:14","IP Address","97.97.46.15","100","232","True","2022-01-26 11:25:15","R_1gjSZJEcK88QXGd","","","","","28.747802734375","-82.499298095703125","anonymous","EN","608f52575bb0d2fe263bfb5b","Yes","Yes, it is my native language",27,"Non-Binary","","White/Caucasian","","Hispanic/Latino","Yes, I can hear the audio.","","100","100","100","100","100","100","Yes, I am ready to begin."
"65","L65","2022-01-26 11:22:33","2022-01-26 11:26:25","IP Address","165.225.38.241","100","232","True","2022-01-26 11:26:26","R_Td4av0iUSQfaTkt","","","","","40.73590087890625","-73.9904022216796875","anonymous","EN","60fe0e462e09b75a0dc41013","Yes","Yes, it is my native language",31,"Woman","","White/Caucasian","","Not Hispanic/Latino","Yes, I can hear the audio.","","100","100","100","77","74","80","Yes, I am ready to begin."
"66","L66","2022-01-26 11:22:54","2022-01-26 11:27:29","IP Address","68.202.141.182","100","275","True","2022-01-26 11:27:29","R_2QmtPU7erWtTo4q","","","","","28.65240478515625","-81.4897003173828125","anonymous","EN","60fcbd2c3c4060cb6d444b7e","Yes","Yes, it is my native language",59,"Woman","","White/Caucasian","","Not Hispanic/Latino","Yes, I can hear the audio.","","100","100","100","100","100","100","Yes, I am ready to begin."
"67","L67","2022-01-26 11:23:41","2022-01-26 11:27:49","IP Address","68.0.135.147","100","247","True","2022-01-26 11:27:49","R_22XHCJpiIYZd6qg","","","","","32.2505950927734375","-110.884002685546875","anonymous","EN","5d7c8220f408ea00185c0c92","Yes","Yes, it is my native language",34,"Woman","","White/Caucasian","","Not Hispanic/Latino","Yes, I can hear the audio.","","100","100","100","35","100","100","Yes, I am ready to begin."
"68","L68","2022-01-26 11:23:45","2022-01-26 11:27:53","IP Address","73.183.129.216","100","248","True","2022-01-26 11:27:53","R_3DcjjcMNoEaHDpI","","","","","29.5182952880859375","-95.0977020263671875","anonymous","EN","5ea9a252ef7ece0cd4993841","Yes","Yes, it is my native language",34,"Woman","","White/Caucasian","","Not Hispanic/Latino","Yes, I can hear the audio.","","100","100","100","77","90","86","Yes, I am ready to begin."
"69","L69","2022-01-26 11:25:21","2022-01-26 11:28:11","IP Address","69.221.235.86","100","169","True","2022-01-26 11:28:11","R_DIfJxmLml1Xx6Dv","","","","","35.1996002197265625","-84.85250091552734375","anonymous","EN","5fc5011a78eea208787ef509","Yes","Yes, it is my native language",22,"Man","","White/Caucasian","","Not Hispanic/Latino","Yes, I can hear the audio.","","100","100","100","85","91","100","Yes, I am ready to begin."
"70","L70","2022-01-26 11:24:20","2022-01-26 11:28:53","IP Address","140.254.77.230","100","272","True","2022-01-26 11:28:53","R_3MKfcLsDMYCtRIT","","","","","40.004302978515625","-83.0177001953125","anonymous","EN","60fc741369c95ce0ee91b20e","Yes","Yes, it is my native language",19,"Woman","","White/Caucasian","","Not Hispanic/Latino","Yes, I can hear the audio.","","100","100","100","91","91","94","Yes, I am ready to begin."
"71","L71","2022-01-26 11:24:22","2022-01-26 11:29:33","IP Address","73.51.11.151","100","311","True","2022-01-26 11:29:33","R_qEJT7XmNiwQMje1","","","","","40.5092926025390625","-88.98439788818359375","anonymous","EN","610a15c0b3b15f2fb1613984","Yes","Yes, it is my native language",27,"Woman","","White/Caucasian","","Not Hispanic/Latino","Yes, I can hear the audio.","","100","100","100","100","100","100","Yes, I am ready to begin."
"72","L72","2022-01-26 11:26:19","2022-01-26 11:29:52","IP Address","69.209.125.174","100","212","True","2022-01-26 11:29:52","R_2dyGEcPVMg4ng4J","","","","","30.4420928955078125","-97.63390350341796875","anonymous","EN","60fce68245a71b6cf578c52d","Yes","Yes, it is my second language",28,"Woman","","White/Caucasian","","Hispanic/Latino","Yes, I can hear the audio.","","100","100","100","100","100","100","Yes, I am ready to begin."
"73","L73","2022-01-26 11:25:34","2022-01-26 11:29:57","IP Address","173.2.22.135","100","263","True","2022-01-26 11:29:58","R_1E7pAhrZs3J90RV","","","","","40.76409912109375","-74.16539764404296875","anonymous","EN","5e2c9026f4a3052be159c494","Yes","Yes, it is my native language",30,"Man","","White/Caucasian","","Not Hispanic/Latino","Yes, I can hear the audio.","","100","100","100","100","100","100","Yes, I am ready to begin."
"74","L74","2022-01-26 11:26:19","2022-01-26 11:29:58","IP Address","73.82.198.42","100","218","True","2022-01-26 11:29:59","R_1jOGrSyI9n2DeIj","","","","","33.39019775390625","-84.47480010986328125","anonymous","EN","61109cd9ca8089124029d0e8","Yes","Yes, it is my native language",20,"Woman","","Black/African American","","Not Hispanic/Latino","Yes, I can hear the audio.","","100","100","100","100","100","100","Yes, I am ready to begin."
"75","L75","2022-01-26 11:26:45","2022-01-26 11:31:17","IP Address","173.92.34.5","100","271","True","2022-01-26 11:31:17","R_3h6mF57rknbS8Ol","","","","","35.415496826171875","-80.6143035888671875","anonymous","EN","5c0fcccc1f6f150001487111","Yes","Yes, it is my native language",58,"Woman","","White/Caucasian","","Not Hispanic/Latino","Yes, I can hear the audio.","","100","100","100","95","100","100","Yes, I am ready to begin."
"76","L76","2022-01-26 11:26:52","2022-01-26 11:32:05","IP Address","204.116.196.7","100","312","True","2022-01-26 11:32:05","R_3O2fXrDtY4THNdg","","","","","36.2541961669921875","-81.763397216796875","anonymous","EN","5de9ca3319398a0f991c84cb","Yes","Yes, it is my second language",41,"Man","","White/Caucasian","","Not Hispanic/Latino","Yes, I can hear the audio.","","100","100","100","62","78","41","Yes, I am ready to begin."
"77","L77","2022-01-26 11:28:00","2022-01-26 11:32:09","IP Address","73.145.229.0","100","248","True","2022-01-26 11:32:09","R_3qfmDHj9B9duqxr","","","","","42.54449462890625","-83.278900146484375","anonymous","EN","5dbf9446a3f5cb419e9d28c8","Yes","Yes, it is my native language",55,"Woman","","White/Caucasian","","Not Hispanic/Latino","Yes, I can hear the audio.","","98","99","98","99","99","98","Yes, I am ready to begin."
"78","L78","2022-01-26 11:25:49","2022-01-26 11:32:15","IP Address","24.167.251.112","100","386","True","2022-01-26 11:32:16","R_1CHZNl8AbJyFB8i","","","","","42.7711944580078125","-87.79840087890625","anonymous","EN","6111581348437c57e275bc60","Yes","Yes, it is my native language",30,"Woman","","White/Caucasian","","Not Hispanic/Latino","Yes, I can hear the audio.","","100","100","100","100","100","100","Yes, I am ready to begin."
"79","L79","2022-01-26 11:28:20","2022-01-26 11:32:32","IP Address","73.6.41.176","100","252","True","2022-01-26 11:32:33","R_1Nq1Fmu87qqIDPq","","","","","30.004302978515625","-95.1746978759765625","anonymous","EN","5ad93fa080491c000142d619","Yes","Yes, it is my native language",28,"Woman","","Biracial or Multiracial","","Hispanic/Latino","Yes, I can hear the audio.","","84","100","100","86","96","99","Yes, I am ready to begin."
"80","L80","2022-01-26 11:27:15","2022-01-26 11:32:43","IP Address","24.163.44.36","100","327","True","2022-01-26 11:32:43","R_3RmSI7tfwqkOGIk","","","","","35.7613983154296875","-78.60150146484375","anonymous","EN","6166c0eb123b6e8b34628249","Yes","Yes, it is my native language",24,"Woman","","Black/African American","","Not Hispanic/Latino","Yes, I can hear the audio.","","100","100","100","100","100","100","Yes, I am ready to begin."
"81","L81","2022-01-26 11:29:41","2022-01-26 11:32:48","IP Address","47.221.83.184","100","187","True","2022-01-26 11:32:49","R_1QfS3wAPDd6yukR","","","","","30.154693603515625","-95.1992034912109375","anonymous","EN","87EE2AC1 ","Yes","Yes, it is my native language",34,"Woman","","White/Caucasian","","Not Hispanic/Latino","Yes, I can hear the audio.","","100","100","100","86","95","100","Yes, I am ready to begin."
"82","L82","2022-01-26 11:27:27","2022-01-26 11:32:57","IP Address","108.211.152.121","100","330","True","2022-01-26 11:32:58","R_wLj7vEnfGRIR1gl","","","","","38.6663970947265625","-90.32199859619140625","anonymous","EN","60ff15fc5b13b0effd1f03ac","Yes","Yes, it is my native language",53,"Woman","","White/Caucasian","","Not Hispanic/Latino","Yes, I can hear the audio.","","100","100","100","76","88","100","Yes, I am ready to begin."
"83","L83","2022-01-26 11:29:28","2022-01-26 11:33:23","IP Address","172.58.239.202","100","234","True","2022-01-26 11:33:24","R_2YsTmRKwNZbEBRA","","","","","40.7241973876953125","-74.19770050048828125","anonymous","EN","61533dc335621b99c5f36115","Yes","Yes, it is my native language",18,"Woman","","White/Caucasian","","Not Hispanic/Latino","Yes, I can hear the audio.","","100","100","100","83","100","100","Yes, I am ready to begin."
"84","L84","2022-01-26 11:29:02","2022-01-26 11:33:32","IP Address","173.173.38.108","100","269","True","2022-01-26 11:33:32","R_3r1Uf4DF3gEn8pm","","","","","31.5821990966796875","-97.1768035888671875","anonymous","EN","5c1d10be426c440001885e1c","Yes","Yes, it is my native language",34,"Woman","","White/Caucasian","","Not Hispanic/Latino","Yes, I can hear the audio.","","100","100","100","74","86","94","Yes, I am ready to begin."
"85","L85","2022-01-26 11:28:52","2022-01-26 11:33:32","IP Address","64.188.159.147","100","280","True","2022-01-26 11:33:33","R_AzWKfrFwoj0lqJH","","","","","41.431793212890625","-78.54940032958984375","anonymous","EN","5d4254db5b2c430001418a3c","Yes","Yes, it is my native language",38,"Woman","","White/Caucasian","","Not Hispanic/Latino","Yes, I can hear the audio.","","100","100","100","78","100","100","Yes, I am ready to begin."
"86","L86","2022-01-26 11:29:34","2022-01-26 11:33:42","IP Address","73.75.229.151","100","247","True","2022-01-26 11:33:42","R_UXhH95sIGASg329","","","","","42.031097412109375","-87.68579864501953125","anonymous","EN","610462fe9130a29881eeb085","Yes","Yes, it is my native language",34,"Woman","","Asian American","","Not Hispanic/Latino","Yes, I can hear the audio.","","100","100","100","70","100","100","Yes, I am ready to begin."
"87","L87","2022-01-26 11:30:28","2022-01-26 11:34:26","IP Address","24.89.23.48","100","238","True","2022-01-26 11:34:26","R_2SqmFaUjKzFljvv","","","","","39.552093505859375","-77.70050048828125","anonymous","EN","5d63179aa3b94d0001da4bb6","Yes","Yes, it is my native language",58,"Woman","","White/Caucasian","","Not Hispanic/Latino","Yes, I can hear the audio.","","100","100","100","100","100","100","Yes, I am ready to begin."
"88","L88","2022-01-26 11:29:51","2022-01-26 11:34:48","IP Address","73.184.3.145","100","297","True","2022-01-26 11:34:49","R_1qb1zjILA12mylM","","","","","34.203704833984375","-84.1031036376953125","anonymous","EN","5ba19bdfa896050001d51f18","Yes","Yes, it is my native language",39,"Man","","White/Caucasian","","Not Hispanic/Latino","Yes, I can hear the audio.","","78","95","92","71","95","99","Yes, I am ready to begin."
"89","L89","2022-01-26 11:26:08","2022-01-26 11:35:29","IP Address","12.37.123.234","100","561","True","2022-01-26 11:35:30","R_rjV60893IAAcGg9","","","","","33.6719970703125","-117.740203857421875","anonymous","EN","5bddc463712eb800010d2e4d","Yes","Yes, it is my native language",26,"Woman","","Black/African American","","Hispanic/Latino","Yes, I can hear the audio.","","100","100","100","100","100","100","Yes, I am ready to begin."
"90","L90","2022-01-26 11:31:47","2022-01-26 11:35:35","IP Address","107.77.224.54","100","227","True","2022-01-26 11:35:36","R_21zxBAXbYuD94ap","","","","","40.781005859375","-73.950103759765625","anonymous","EN","6111ffdee6c02e2623913f71","Yes","Yes, it is my native language",31,"Woman","","White/Caucasian","","Not Hispanic/Latino","Yes, I can hear the audio.","","100","100","100","100","100","100","Yes, I am ready to begin."
"91","L91","2022-01-26 11:32:27","2022-01-26 11:35:46","IP Address","71.214.203.243","100","198","True","2022-01-26 11:35:46","R_2bVS0tTGDQF6T6y","","","","","28.7115020751953125","-81.51349639892578125","anonymous","EN","60fcfac5e20edfa3acdc87e0","Yes","Yes, it is my native language",25,"Woman","","White/Caucasian","","Not Hispanic/Latino","Yes, I can hear the audio.","","71","78","65","44","59","74","Yes, I am ready to begin."
"92","L92","2022-01-26 11:30:58","2022-01-26 11:35:48","IP Address","75.138.115.146","100","289","True","2022-01-26 11:35:48","R_2E9JHzbNxeuhsgM","","","","","35.053497314453125","-82.058197021484375","anonymous","EN","6023ec68ce036007a530bd43","Yes","Yes, it is my native language",48,"Woman","","White/Caucasian","","Not Hispanic/Latino","Yes, I can hear the audio.","","100","100","100","73","98","99","Yes, I am ready to begin."
"93","L93","2022-01-26 11:31:44","2022-01-26 11:36:07","IP Address","47.20.225.76","100","262","True","2022-01-26 11:36:07","R_PAjV97usLYxxFzb","","","","","40.65130615234375","-74.187896728515625","anonymous","EN","5dd4c20186c8864a376f7480","Yes","Yes, it is my native language",27,"Man","","Other","Hispanic","Hispanic/Latino","Yes, I can hear the audio.","","100","100","100","69","82","100","Yes, I am ready to begin."
"94","L94","2022-01-26 11:32:05","2022-01-26 11:36:11","IP Address","204.62.26.98","100","245","True","2022-01-26 11:36:12","R_3sBctsQR6mlgIPh","","","","","34.928802490234375","-95.7595977783203125","anonymous","EN","6112d6da9a7187329cd0872c","Yes","Yes, it is my native language",26,"Woman","","White/Caucasian","","Not Hispanic/Latino","Yes, I can hear the audio.","","100","94","100","95","100","100","Yes, I am ready to begin."
"95","L95","2022-01-26 11:31:01","2022-01-26 11:36:20","IP Address","172.58.228.211","100","318","True","2022-01-26 11:36:20","R_3suEyr4OtcLk9JW","","","","","40.6764068603515625","-73.87529754638671875","anonymous","EN","60ca42c682bc800df0056670","Yes","Yes, it is my second language",28,"Man","","Other","Mixed","Hispanic/Latino","Yes, I can hear the audio.","","100","100","100","77","100","93","Yes, I am ready to begin."
"96","L96","2022-01-26 11:31:16","2022-01-26 11:36:20","IP Address","173.62.70.161","100","303","True","2022-01-26 11:36:20","R_wXLe5OAGHoxQ7FT","","","","","41.53399658203125","-74.04920196533203125","anonymous","EN","616d0c1b16a0437469b6cd74","Yes","Yes, it is my native language",32,"Woman","","Black/African American","","Not Hispanic/Latino","Yes, I can hear the audio.","","100","100","100","74","100","100","Yes, I am ready to begin."
"97","L97","2022-01-26 11:30:14","2022-01-26 11:36:43","IP Address","72.107.245.93","100","388","True","2022-01-26 11:36:44","R_2VqAz5JtTbac48Q","","","","","29.7501983642578125","-95.47100067138671875","anonymous","EN","6167206f242b144689a752d3","Yes","Yes, it is my native language",22,"Woman","","Biracial or Multiracial","","Hispanic/Latino","Yes, I can hear the audio.","","70","77","9","62","99","100","Yes, I am ready to begin."
"98","L98","2022-01-26 11:31:52","2022-01-26 11:37:28","IP Address","99.173.50.182","100","335","True","2022-01-26 11:37:28","R_2P4GxuMTPWJYN4b","","","","","28.4998016357421875","-81.32879638671875","anonymous","EN","5e94fbea4491ad0c939b3c2f","Yes","Yes, it is my native language",25,"Woman","","Asian American","","Not Hispanic/Latino","Yes, I can hear the audio.","","100","100","100","100","100","100","Yes, I am ready to begin."
"99","L99","2022-01-26 11:33:09","2022-01-26 11:37:35","IP Address","104.181.34.197","100","266","True","2022-01-26 11:37:36","R_1jDI6hxBCfZSZZV","","","","","26.125","-80.266998291015625","anonymous","EN","5de55783e520274db68ca01c","Yes","Yes, it is my native language",34,"Man","","White/Caucasian","","Not Hispanic/Latino","Yes, I can hear the audio.","","74","58","70","55","72","85","Yes, I am ready to begin."
"100","L100","2022-01-26 11:31:48","2022-01-26 11:37:47","IP Address","173.251.122.2","100","359","True","2022-01-26 11:37:47","R_3ptMUvB4bU77sLv","","","","","40.62139892578125","-73.97049713134765625","anonymous","EN","60fde2dcd1deb9c16988f4ea","Yes","Yes, it is my native language",25,"Non-Binary","","White/Caucasian","","Not Hispanic/Latino","Yes, I can hear the audio.","","100","100","100","100","100","100","Yes, I am ready to begin."
"101","L101","2022-01-26 11:32:47","2022-01-26 11:37:56","IP Address","65.35.164.137","100","308","True","2022-01-26 11:37:56","R_1pKe45OjgBa3quL","","","","","27.772796630859375","-82.63790130615234375","anonymous","EN","589ce4d65e63bf00013b3175","Yes","Yes, it is my native language",27,"Woman","","White/Caucasian","","Not Hispanic/Latino","Yes, I can hear the audio.","","96","97","94","55","79","84","Yes, I am ready to begin."
"102","L102","2022-01-26 11:34:14","2022-01-26 11:38:17","IP Address","99.77.76.159","100","243","True","2022-01-26 11:38:18","R_3DjcT0Is8BKbCWH","","","","","28.7935028076171875","-81.28679656982421875","anonymous","EN","5e90d6e24e0cfb0d2b8006c0","Yes","Yes, it is my native language",30,"Man","","Black/African American","","Hispanic/Latino","Yes, I can hear the audio.","","100","100","100","100","100","100","Yes, I am ready to begin."
"103","L103","2022-01-26 11:33:30","2022-01-26 11:38:22","IP Address","184.88.42.64","100","292","True","2022-01-26 11:38:22","R_W3tDiQibSnEUPQJ","","","","","28.5503997802734375","-81.18329620361328125","anonymous","EN","61018f595798ed7d1df1222b","Yes","Yes, it is my native language",19,"Woman","","White/Caucasian","","Not Hispanic/Latino","Yes, I can hear the audio.","","93","100","100","100","100","100","Yes, I am ready to begin."
"104","L104","2022-01-26 11:31:00","2022-01-26 11:38:58","IP Address","73.24.133.182","100","477","True","2022-01-26 11:38:59","R_1eXXjlqM8lXqRPf","","","","","32.412994384765625","-110.9420013427734375","anonymous","EN","5c01dc58067bbf00019bb318","Yes","Yes, it is my native language",65,"Man","","White/Caucasian","","Not Hispanic/Latino","Yes, I can hear the audio.","","90","93","91","68","72","72","Yes, I am ready to begin."
"105","L105","2022-01-26 11:30:31","2022-01-26 11:39:46","IP Address","173.18.153.53","100","554","True","2022-01-26 11:39:46","R_1FEvJl7x2dVnDbV","","","","","36.698394775390625","-93.11150360107421875","anonymous","EN","613ceb88f3eb00ae5efdd022","Yes","Yes, it is my native language",63,"Woman","","White/Caucasian","","Not Hispanic/Latino","Yes, I can hear the audio.","","100","100","100","65","51","45","Yes, I am ready to begin."
"106","L106","2022-01-26 11:31:25","2022-01-26 11:39:59","IP Address","97.100.4.230","100","514","True","2022-01-26 11:39:59","R_215jWrJA0ml7poq","","","","","28.45379638671875","-81.46739959716796875","anonymous","EN","5f4d40ca75b5258bf5af8cca","Yes","Yes, it is my native language",39,"Woman","","White/Caucasian","","Hispanic/Latino","Yes, I can hear the audio.","","100","100","100","100","100","100","Yes, I am ready to begin."
"107","L107","2022-01-26 11:32:40","2022-01-26 11:40:07","IP Address","100.40.199.192","100","446","True","2022-01-26 11:40:07","R_1Nx1vTlMSJZVrOS","","","","","41.69189453125","-73.86419677734375","anonymous","EN","609ec5e8e5a3da020adefde8","Yes","Yes, it is my native language",32,"Woman","","Black/African American","","Not Hispanic/Latino","Yes, I can hear the audio.","","100","100","100","100","100","100","Yes, I am ready to begin."
"108","L108","2022-01-26 11:32:34","2022-01-26 11:41:27","IP Address","172.114.62.30","100","533","True","2022-01-26 11:41:27","R_cwMl7hG0uuLXqpz","","","","","33.9322052001953125","-118.2487945556640625","anonymous","EN","5fb1f7ff97dc09759ad6e4fe","Yes","Yes, it is my native language",31,"Woman","","White/Caucasian","","Hispanic/Latino","Yes, I can hear the audio.","","98","98","99","95","97","99","Yes, I am ready to begin."
"109","L109","2022-01-26 11:33:03","2022-01-26 11:44:53","IP Address","74.71.66.62","100","709","True","2022-01-26 11:44:53","R_1k1XCBqJbP9irQC","","","","","40.781005859375","-73.950103759765625","anonymous","EN","61009eabd7328bc5c7365699","Yes","Yes, it is my native language",24,"Woman","","Biracial or Multiracial","","Not Hispanic/Latino","Yes, I can hear the audio.","","100","100","100","92","100","100","Yes, I am ready to begin."
"110","L110","2022-01-26 17:11:01","2022-01-26 17:13:44","IP Address","73.126.26.215","100","162","True","2022-01-26 17:13:44","R_1NCiTTZRa67Ur2p","","","","","42.7530059814453125","-71.032501220703125","anonymous","EN","60014001c0f11429b77d34e0","Yes","Yes, it is my native language",26,"Woman","","White/Caucasian","","Not Hispanic/Latino","Yes, I can hear the audio.","","100","100","100","66","100","100","Yes, I am ready to begin."
"111","L111","2022-01-26 17:11:49","2022-01-26 17:14:50","IP Address","216.84.103.34","100","180","True","2022-01-26 17:14:50","R_3HuJaKkxlP3AGFB","","","","","38.9694061279296875","-94.6266021728515625","anonymous","EN","6010e0dab98c814912076b27","Yes","Yes, it is my native language",24,"Woman","","White/Caucasian","","Not Hispanic/Latino","Yes, I can hear the audio.","","100","100","100","100","100","100","Yes, I am ready to begin."
"112","L112","2022-01-26 17:11:14","2022-01-26 17:14:51","IP Address","68.4.201.97","100","216","True","2022-01-26 17:14:51","R_2OW3Q2opPNGyrVU","","","","","33.5157012939453125","-117.71089935302734375","anonymous","EN","5bd6b15f4b4f9e0001137bd9","Yes","Yes, it is my native language",41,"Man","","White/Caucasian","","Not Hispanic/Latino","Yes, I can hear the audio.","","88","76","60","85","79","95","Yes, I am ready to begin."
"113","L113","2022-01-26 17:11:54","2022-01-26 17:15:01","IP Address","100.35.59.59","100","186","True","2022-01-26 17:15:01","R_3esoyxsskmIdvWj","","","","","40.8675994873046875","-74.1735992431640625","anonymous","EN","5b147696d282ff00015c2c4e","Yes","Yes, it is my native language",28,"Woman","","White/Caucasian","","Not Hispanic/Latino","Yes, I can hear the audio.","","100","100","100","100","100","100","Yes, I am ready to begin."
"114","L114","2022-01-26 17:10:48","2022-01-26 17:15:02","IP Address","128.4.137.105","100","253","True","2022-01-26 17:15:02","R_33fH2ZgFS8Y8gPh","","","","","39.6876068115234375","-75.748199462890625","anonymous","EN","6100d12602dbc013bf326e626100d12602dbc013bf326e62","Yes","Yes, it is my native language",21,"Woman","","White/Caucasian","","Not Hispanic/Latino","Yes, I can hear the audio.","","100","100","100","100","100","100","Yes, I am ready to begin."
"115","L115","2022-01-26 17:12:40","2022-01-26 17:15:15","IP Address","107.139.206.140","100","155","True","2022-01-26 17:15:15","R_3dQBzx1QFscayU4","","","","","30.3574066162109375","-89.1649017333984375","anonymous","EN","6101d433c8a23b9b39e41009","Yes","Yes, it is my native language",25,"Woman","","White/Caucasian","","Not Hispanic/Latino","Yes, I can hear the audio.","","100","100","100","100","100","100","Yes, I am ready to begin."
"116","L116","2022-01-26 17:12:04","2022-01-26 17:15:25","IP Address","172.225.198.122","100","201","True","2022-01-26 17:15:26","R_2CiS43EgB6aRtT5","","","","","39.738800048828125","-104.9868011474609375","anonymous","EN","60a0880ebaf5c5683c47ea1d","Yes","Yes, it is my native language",29,"Woman","","White/Caucasian","","Not Hispanic/Latino","Yes, I can hear the audio.","","100","100","100","100","100","100","Yes, I am ready to begin."
"117","L117","2022-01-26 17:12:19","2022-01-26 17:15:36","IP Address","108.20.195.184","100","197","True","2022-01-26 17:15:36","R_33EFRRGKsjhdsVN","","","","","42.418792724609375","-71.15570068359375","anonymous","EN","5f52afc954863a5bd06a1665","Yes","Yes, it is my native language",34,"Woman","","White/Caucasian","","Not Hispanic/Latino","Yes, I can hear the audio.","","97","95","88","76","60","71","Yes, I am ready to begin."
"118","L118","2022-01-26 17:10:53","2022-01-26 17:15:37","IP Address","151.197.58.82","100","284","True","2022-01-26 17:15:38","R_1k05eRw8sv11Zem","","","","","40.036407470703125","-75.22190093994140625","anonymous","EN","60ff35391f843f3efdbb5973","Yes","Yes, it is my native language",33,"Woman","","White/Caucasian","","Not Hispanic/Latino","Yes, I can hear the audio.","","100","100","100","63","100","100","Yes, I am ready to begin."
"119","L119","2022-01-26 17:11:53","2022-01-26 17:15:39","IP Address","75.48.98.2","100","226","True","2022-01-26 17:15:39","R_4IrCz488saShw9H","","","","","33.6403961181640625","-117.92259979248046875","anonymous","EN","60fedc4addf6159ec8d6dbc3","Yes","Yes, it is my native language",32,"Woman","","Black/African American","","Not Hispanic/Latino","Yes, I can hear the audio.","","100","100","100","100","100","88","Yes, I am ready to begin."
"120","L120","2022-01-26 17:11:23","2022-01-26 17:15:48","IP Address","147.160.142.73","100","264","True","2022-01-26 17:15:48","R_3lGmy0DoAdirNL2","","","","","33.509796142578125","-86.80899810791015625","anonymous","EN","6108348b3564ae2f949591c4","Yes","Yes, it is my native language",22,"Woman","","White/Caucasian","","Not Hispanic/Latino","Yes, I can hear the audio.","","100","100","100","100","100","100","Yes, I am ready to begin."
"121","L121","2022-01-26 17:11:30","2022-01-26 17:15:53","IP Address","173.164.135.37","100","263","True","2022-01-26 17:15:53","R_06smcg4sB0b0ugF","","","","","37.5625","-122.000396728515625","anonymous","EN","5f48655c66186320c2077614","Yes","Yes, it is my second language",25,"Man","","White/Caucasian","","Hispanic/Latino","Yes, I can hear the audio.","","100","100","100","100","100","100","Yes, I am ready to begin."
"122","L122","2022-01-26 17:12:32","2022-01-26 17:15:58","IP Address","174.71.69.123","100","206","True","2022-01-26 17:15:59","R_TtJJkRXneP5XWCZ","","","","","41.2041015625","-95.9644012451171875","anonymous","EN","61087fd5b50f25ac5e58f455","Yes","Yes, it is my native language",26,"Woman","","White/Caucasian","","Not Hispanic/Latino","Yes, I can hear the audio.","","100","100","100","100","96","96","Yes, I am ready to begin."
"123","L123","2022-01-26 17:12:33","2022-01-26 17:16:00","IP Address","76.180.80.121","100","206","True","2022-01-26 17:16:01","R_1CEilqtRFI0CX8d","","","","","42.9297027587890625","-78.74340057373046875","anonymous","EN","5c060efc891bb4000121c377","Yes","Yes, it is my native language",39,"Man","","White/Caucasian","","Not Hispanic/Latino","Yes, I can hear the audio.","","100","100","100","100","100","100","Yes, I am ready to begin."
"124","L124","2022-01-26 17:12:05","2022-01-26 17:16:21","IP Address","104.1.194.70","100","255","True","2022-01-26 17:16:21","R_30riGq0AwQ963p7","","","","","38.5673980712890625","-121.31999969482421875","anonymous","EN","60ef75e98194ebdf7e440783","Yes","Yes, it is my native language",27,"Man","","White/Caucasian","","Not Hispanic/Latino","Yes, I can hear the audio.","","100","100","100","100","100","100","Yes, I am ready to begin."
"125","L125","2022-01-26 17:12:47","2022-01-26 17:16:26","IP Address","75.136.136.226","100","218","True","2022-01-26 17:16:26","R_3fO8trRBYse79ZB","","","","","34.5251007080078125","-82.63069915771484375","anonymous","EN","5a4fab63eedc32000141ec5c","Yes","Yes, it is my native language",41,"Woman","","Asian American","","Not Hispanic/Latino","Yes, I can hear the audio.","","100","100","100","100","100","100","Yes, I am ready to begin."
"126","L126","2022-01-26 17:11:57","2022-01-26 17:16:28","IP Address","99.145.17.67","100","270","True","2022-01-26 17:16:28","R_2RV5qwpLhPzYvLg","","","","","36.00140380859375","-83.91249847412109375","anonymous","EN","5f99dafa8e84910baf8acc99","Yes","Yes, it is my native language",25,"Man","","White/Caucasian","","Not Hispanic/Latino","Yes, I can hear the audio.","","100","100","100","100","100","100","Yes, I am ready to begin."
"127","L127","2022-01-26 17:12:31","2022-01-26 17:16:30","IP Address","71.236.91.4","100","238","True","2022-01-26 17:16:31","R_2QsJOZXDbRI4lwx","","","","","40.1587982177734375","-79.81220245361328125","anonymous","EN","609f58e8af0f5f3acedd9806","Yes","Yes, it is my native language",23,"Woman","","White/Caucasian","","Not Hispanic/Latino","Yes, I can hear the audio.","","100","100","100","49","61","100","Yes, I am ready to begin."
"128","L128","2022-01-26 17:12:22","2022-01-26 17:16:32","IP Address","71.94.163.148","100","249","True","2022-01-26 17:16:32","R_3q7GLT2oppoB5CN","","","","","46.253204345703125","-119.28639984130859375","anonymous","EN","5f13298ebeee5a1a4602dff3","Yes","Yes, it is my native language",50,"Man","","White/Caucasian","","Not Hispanic/Latino","Yes, I can hear the audio.","","96","92","99","58","73","73","Yes, I am ready to begin."
"129","L129","2022-01-26 17:11:07","2022-01-26 17:16:35","IP Address","67.83.112.225","100","328","True","2022-01-26 17:16:35","R_1CITz7zr5FZuGhe","","","","","41.0287017822265625","-74.6428985595703125","anonymous","EN","71F5C6CD","Yes","Yes, it is my native language",23,"Woman","","White/Caucasian","","Not Hispanic/Latino","Yes, I can hear the audio.","","100","100","100","100","100","94","Yes, I am ready to begin."
"130","L130","2022-01-26 17:11:57","2022-01-26 17:16:43","IP Address","65.31.137.153","100","286","True","2022-01-26 17:16:44","R_1mqHHvydqwCGRPm","","","","","43.0756988525390625","-87.94029998779296875","anonymous","EN","610871d42f29bee3bd9f2c88","Yes","Yes, it is my native language",23,"Woman","","White/Caucasian","","Hispanic/Latino","Yes, I can hear the audio.","","100","100","100","100","100","100","Yes, I am ready to begin."
"131","L131","2022-01-26 17:11:46","2022-01-26 17:16:44","IP Address","75.97.69.164","100","298","True","2022-01-26 17:16:45","R_1KlsMlLWMUyT6UY","","","","","41.0330963134765625","-75.170196533203125","anonymous","EN","5cd3d5760b858f0016ccd823","Yes","Yes, it is my native language",30,"Woman","","White/Caucasian","","Not Hispanic/Latino","Yes, I can hear the audio.","","75","88","74","70","89","84","Yes, I am ready to begin."
"132","L132","2022-01-26 17:11:48","2022-01-26 17:16:45","IP Address","24.3.138.99","100","297","True","2022-01-26 17:16:46","R_3ke8HxmxBg4ifDl","","","","","40.4324951171875","-79.86299896240234375","anonymous","EN","6111202e9250c75296f411bf","Yes","Yes, it is my native language",25,"Woman","","Black/African American","","Not Hispanic/Latino","Yes, I can hear the audio.","","100","100","80","97","90","86","Yes, I am ready to begin."
"133","L133","2022-01-26 17:11:04","2022-01-26 17:16:49","IP Address","152.8.31.213","100","344","True","2022-01-26 17:16:50","R_1FtET8NByUjUmG5","","","","","36.0760955810546875","-79.781097412109375","anonymous","EN","61bb389e40db417c1a138cbb","Yes","Yes, it is my native language",18,"Woman","","Black/African American","","Not Hispanic/Latino","Yes, I can hear the audio.","","100","100","100","53","53","84","Yes, I am ready to begin."
"134","L134","2022-01-26 17:13:25","2022-01-26 17:16:57","IP Address","209.166.124.86","100","212","True","2022-01-26 17:16:58","R_2AMQzWnuLI1xsT0","","","","","30.2886962890625","-97.73979949951171875","anonymous","EN","5ee017103409e1371735c44d","Yes","Yes, it is my native language",21,"Woman","","Biracial or Multiracial","","Not Hispanic/Latino","Yes, I can hear the audio.","","58","83","69","57","72","55","Yes, I am ready to begin."
"135","L135","2022-01-26 17:12:16","2022-01-26 17:16:58","IP Address","100.17.21.98","100","282","True","2022-01-26 17:16:58","R_2txn1PRnaXbwbjB","","","","","42.48809814453125","-71.2758026123046875","anonymous","EN","5dd4070a57a7e13efe25534a","Yes","Yes, it is my native language",58,"Woman","","White/Caucasian","","Not Hispanic/Latino","Yes, I can hear the audio.","","0","100","100","95","100","100","Yes, I am ready to begin."
"136","L136","2022-01-26 17:11:10","2022-01-26 17:16:58","IP Address","45.23.116.157","100","348","True","2022-01-26 17:16:59","R_1r30mZTQxVJMRX8","","","","","42.3672943115234375","-83.13289642333984375","anonymous","EN","5f6c954679e95605af7b3e8a","Yes","Yes, it is my native language",30,"Man","","Black/African American","","Not Hispanic/Latino","Yes, I can hear the audio.","","75","64","0","56","67","43","Yes, I am ready to begin."
"137","L137","2022-01-26 17:11:45","2022-01-26 17:16:58","IP Address","128.239.199.167","100","313","True","2022-01-26 17:16:59","R_1hKWkBrYETW5R8O","","","","","37.3079071044921875","-76.74420166015625","anonymous","EN","60ff13d1fc1ccf6d6d074b22","Yes","Yes, it is my native language",19,"Woman","","White/Caucasian","","Not Hispanic/Latino","Yes, I can hear the audio.","","100","100","100","100","100","100","Yes, I am ready to begin."
"138","L138","2022-01-26 17:12:54","2022-01-26 17:17:06","IP Address","74.76.71.251","100","252","True","2022-01-26 17:17:07","R_1Ny9POxiAqEjEgY","","","","","42.9553985595703125","-78.863800048828125","anonymous","EN","60fcf98a724fc56b37b0accb","Yes","Yes, it is my native language",24,"Woman","","White/Caucasian","","Hispanic/Latino","Yes, I can hear the audio.","","100","100","100","100","100","100","Yes, I am ready to begin."
"139","L139","2022-01-26 17:12:17","2022-01-26 17:17:12","IP Address","99.23.242.171","100","295","True","2022-01-26 17:17:13","R_SV1EFo2abiZ9NYt","","","","","34.139404296875","-118.26599884033203125","anonymous","EN","60493e65aba91587246602a2","Yes","Yes, it is my second language",68,"Man","","White/Caucasian","","Hispanic/Latino","Yes, I can hear the audio.","","100","96","89","56","67","65","Yes, I am ready to begin."
"140","L140","2022-01-26 17:13:26","2022-01-26 17:17:35","IP Address","97.100.69.112","100","249","True","2022-01-26 17:17:35","R_1ONYnFt3Q8qAipU","","","","","28.30889892578125","-81.37079620361328125","anonymous","EN","5d6d6412f570e000184cf48b","Yes","Yes, it is my native language",29,"Woman","","Other","Hispanic","Hispanic/Latino","Yes, I can hear the audio.","","100","100","100","100","100","100","Yes, I am ready to begin."
"141","L141","2022-01-26 17:11:24","2022-01-26 17:17:41","IP Address","172.58.136.64","100","377","True","2022-01-26 17:17:42","R_2TR9Gfa7eT8aWpm","","","","","39.768402099609375","-86.15799713134765625","anonymous","EN","610dcf369adaa0cfbc795ec5","Yes","Yes, it is my native language",19,"Woman","","Asian American","","Not Hispanic/Latino","Yes, I can hear the audio.","","100","100","100","100","100","100","Yes, I am ready to begin."
"142","L142","2022-01-26 17:11:19","2022-01-26 17:17:59","IP Address","73.83.94.69","100","399","True","2022-01-26 17:17:59","R_2l3Ukq4gwpm8DIJ","","","","","46.99609375","-122.73809814453125","anonymous","EN","6101cad0b59a684dcf97be1c","Yes","Yes, it is my native language",62,"Woman","","White/Caucasian","","Not Hispanic/Latino","Yes, I can hear the audio.","","100","100","100","100","100","100","Yes, I am ready to begin."
"143","L143","2022-01-26 17:12:02","2022-01-26 17:18:10","IP Address","76.23.12.17","100","367","True","2022-01-26 17:18:10","R_1ilIytwNRoZXEbF","","","","","40.71429443359375","-111.88939666748046875","anonymous","EN","6112bf5bd0c80ee5f2d67bbe","Yes","Yes, it is my native language",27,"Woman","","White/Caucasian","","Not Hispanic/Latino","Yes, I can hear the audio.","","80","93","89","62","56","71","Yes, I am ready to begin."
"144","L144","2022-01-26 17:12:33","2022-01-26 17:18:12","IP Address","75.48.78.21","100","338","True","2022-01-26 17:18:12","R_3ExPQCDBdyuwq4V","","","","","37.9835968017578125","-122.01629638671875","anonymous","EN","5dd33f6b2091e93579973754","Yes","Yes, it is my native language",41,"Man","","Black/African American","","Not Hispanic/Latino","Yes, I can hear the audio.","","100","100","100","100","100","100","Yes, I am ready to begin."
"145","L145","2022-01-26 17:13:38","2022-01-26 17:18:13","IP Address","172.73.243.7","100","274","True","2022-01-26 17:18:13","R_1P80BO5kp9l7I5t","","","","","34.62579345703125","-79.00150299072265625","anonymous","EN","60a2478695da4e02adb03e13","Yes","Yes, it is my native language",29,"Woman","","Native American or Alaska Native","","Not Hispanic/Latino","Yes, I can hear the audio.","","100","100","100","100","100","100","Yes, I am ready to begin."
"146","L146","2022-01-26 17:13:05","2022-01-26 17:18:16","IP Address","73.242.67.184","100","311","True","2022-01-26 17:18:17","R_29cWR4WFFuro6Bs","","","","","44.986297607421875","-92.7277984619140625","anonymous","EN","60fd745db9531d7ed55fe096","Yes","Yes, it is my native language",21,"Woman","","White/Caucasian","","Not Hispanic/Latino","Yes, I can hear the audio.","","100","100","100","100","100","100","Yes, I am ready to begin."
"147","L147","2022-01-26 17:13:30","2022-01-26 17:18:43","IP Address","66.8.224.103","100","312","True","2022-01-26 17:18:43","R_2fJaKVnR2oh4oua","","","","","19.653106689453125","-155.97979736328125","anonymous","EN","6153cc9cd8ac0521250d0009","Yes","Yes, it is my native language",53,"Woman","","White/Caucasian","","Not Hispanic/Latino","Yes, I can hear the audio.","","100","100","100","100","100","93","Yes, I am ready to begin."
"148","L148","2022-01-26 17:12:33","2022-01-26 17:18:50","IP Address","173.3.114.114","100","376","True","2022-01-26 17:18:50","R_3KqCqhgkIA6MAKL","","","","","40.864593505859375","-73.898101806640625","anonymous","EN","5dcea7314d51e4107516c80d","Yes","Yes, it is my native language",53,"Woman","","White/Caucasian","","Not Hispanic/Latino","Yes, I can hear the audio.","","100","100","100","100","88","100","Yes, I am ready to begin."
"149","L149","2022-01-26 17:12:44","2022-01-26 17:19:03","IP Address","108.217.72.81","100","379","True","2022-01-26 17:19:03","R_33DNJbwcSduJGn4","","","","","33.781005859375","-118.26219940185546875","anonymous","EN","5b5a822e1ad8270001c4f28d","Yes","Yes, it is my native language",40,"Man","","White/Caucasian","","Not Hispanic/Latino","Yes, I can hear the audio.","","100","100","100","100","100","100","Yes, I am ready to begin."
"150","L150","2022-01-26 17:11:58","2022-01-26 17:19:56","IP Address","70.119.164.148","100","478","True","2022-01-26 17:19:56","R_2EoZ6MJEzb1NQMl","","","","","32.85479736328125","-97.08190155029296875","anonymous","EN","5e820eb36551aa02fd72e1dc","Yes","Yes, it is my native language",35,"Man","","White/Caucasian","","Not Hispanic/Latino","Yes, I can hear the audio.","","100","100","95","100","100","100","Yes, I am ready to begin."
"151","L151","2022-01-26 17:11:27","2022-01-26 17:21:40","IP Address","173.92.215.68","100","613","True","2022-01-26 17:21:40","R_2BbKKV9iRHPlHwJ","","","","","35.193603515625","-80.68650054931640625","anonymous","EN","6122b77242418368628164c2","Yes","Yes, it is my native language",30,"Woman","","Black/African American","","Not Hispanic/Latino","Yes, I can hear the audio.","","100","100","100","82","70","74","Yes, I am ready to begin."
"152","L152","2022-01-26 17:12:55","2022-01-26 17:21:43","IP Address","162.232.156.94","100","528","True","2022-01-26 17:21:43","R_1JVmbVcykR3hcEh","","","","","31.80450439453125","-105.96610260009765625","anonymous","EN","611189c22603acc9bfc10e2d","Yes","Yes, it is my native language",25,"Woman","","Prefer not to say","","Hispanic/Latino","Yes, I can hear the audio.","","100","100","100","100","100","100","Yes, I am ready to begin."
"153","L153","2022-01-26 17:12:11","2022-01-26 17:22:20","IP Address","47.38.238.100","100","609","True","2022-01-26 17:22:21","R_eOJHU7c8yu4SHD3","","","","","32.744598388671875","-97.3842010498046875","anonymous","EN","5d83c1e911cb3a0001570ea4","Yes","Yes, it is my native language",51,"Woman","","White/Caucasian","","Not Hispanic/Latino","Yes, I can hear the audio.","","100","100","100","98","100","100","Yes, I am ready to begin."
"154","L154","2022-01-26 17:13:29","2022-01-26 17:23:51","IP Address","75.31.216.151","100","621","True","2022-01-26 17:23:51","R_2RUQS4E8CHpxL2G","","","","","32.8686981201171875","-96.86260223388671875","anonymous","EN","5df15bc3361a8506b94f79ed","Yes","Yes, it is my native language",33,"Man","","Asian American","","Hispanic/Latino","Yes, I can hear the audio.","","100","90","100","73","100","100","Yes, I am ready to begin."
"155","L155","2022-01-26 17:12:51","2022-01-26 17:24:10","IP Address","73.114.182.41","100","679","True","2022-01-26 17:24:10","R_1k1UuKL3xbMpmLz","","","","","42.884796142578125","-73.19100189208984375","anonymous","EN","610036375afd3ab1afe073e7","Yes","Yes, it is my native language",59,"Woman","","White/Caucasian","","Not Hispanic/Latino","Yes, I can hear the audio.","","100","100","100","92","93","100","Yes, I am ready to begin."
"156","L156","2022-01-26 17:17:41","2022-01-26 17:24:11","IP Address","76.126.3.118","100","390","True","2022-01-26 17:24:12","R_vqr2Alm917dgSyJ","","","","","37.7200927734375","-122.44139862060546875","anonymous","EN","5fe33b2f46872ef2fb28db7b","Yes","Yes, it is my native language",19,"Man","","Asian American","","Not Hispanic/Latino","Yes, I can hear the audio.","","99","100","99","16","2","72","Yes, I am ready to begin."
"157","L157","2022-01-26 17:13:10","2022-01-26 17:24:33","IP Address","72.70.98.206","100","683","True","2022-01-26 17:24:34","R_1IWcJttohTuNAQx","","","","","42.6219024658203125","-70.67620086669921875","anonymous","EN","5c92870723bd7e001870138e","Yes","Yes, it is my native language",78,"Man","","White/Caucasian","","Not Hispanic/Latino","Yes, I can hear the audio.","","96","98","98","89","55","60","Yes, I am ready to begin."
"158","L158","2022-01-26 17:13:11","2022-01-26 17:25:46","IP Address","174.26.152.204","100","755","True","2022-01-26 17:25:47","R_3kiAVa3Pgkkx7QK","","","","","33.49169921875","-111.98370361328125","anonymous","EN","61077c975bca4cd3eb137fba","Yes","Yes, it is my second language",20,"Woman","","White/Caucasian","","Hispanic/Latino","Yes, I can hear the audio.","","95","100","100","100","100","100","Yes, I am ready to begin."
"159","L159","2022-01-26 17:48:09","2022-01-26 17:51:01","IP Address","67.245.241.202","100","172","True","2022-01-26 17:51:01","R_2V9Cbys31NpU6v0","","","","","40.679901123046875","-74.00279998779296875","anonymous","EN","60ff14a46f99a66e7d2a73ef","Yes","Yes, it is my native language",25,"Woman","","White/Caucasian","","Not Hispanic/Latino","Yes, I can hear the audio.","","100","100","100","86","100","92","Yes, I am ready to begin."
"160","L160","2022-01-26 17:47:56","2022-01-26 17:51:12","IP Address","65.28.187.128","100","195","True","2022-01-26 17:51:13","R_1dcSQJoXBB8XCS9","","","","","43.0655975341796875","-88.14499664306640625","anonymous","EN","60fce156003127285462a3bb","Yes","Yes, it is my native language",19,"Woman","","White/Caucasian","","Not Hispanic/Latino","Yes, I can hear the audio.","","100","100","100","82","100","100","Yes, I am ready to begin."
"161","L161","2022-01-26 17:47:28","2022-01-26 17:51:18","IP Address","72.188.33.63","100","230","True","2022-01-26 17:51:19","R_1QKoiIQMn1cFaiQ","","","","","28.5531005859375","-81.75969696044921875","anonymous","EN","5c2789fc1694480001e4c4e3","Yes","Yes, it is my native language",38,"Man","","White/Caucasian","","Not Hispanic/Latino","Yes, I can hear the audio.","","99","99","99","74","99","94","Yes, I am ready to begin."
"162","L162","2022-01-26 17:47:42","2022-01-26 17:51:22","IP Address","172.91.84.65","100","220","True","2022-01-26 17:51:23","R_1JF5EGQOYRGUOw8","","","","","34.037994384765625","-118.45439910888671875","anonymous","EN","6104d73b7cdac0a47a905f0d","Yes","Yes, it is my native language",21,"Woman","","White/Caucasian","","Hispanic/Latino","Yes, I can hear the audio.","","100","100","100","100","100","100","Yes, I am ready to begin."
"163","L163","2022-01-26 17:47:59","2022-01-26 17:51:36","IP Address","99.37.194.74","100","216","True","2022-01-26 17:51:36","R_3mf7uj4Lx62NqZq","","","","","42.553802490234375","-82.9185028076171875","anonymous","EN","5ee5777de62eb32c84555b3b","Yes","Yes, it is my native language",28,"Man","","White/Caucasian","","Not Hispanic/Latino","Yes, I can hear the audio.","","100","100","100","100","100","100","Yes, I am ready to begin."
"164","L164","2022-01-26 17:48:09","2022-01-26 17:51:49","IP Address","172.56.20.96","100","220","True","2022-01-26 17:51:50","R_25sFUpi0o7fzAbh","","","","","35.055999755859375","-89.85980224609375","anonymous","EN","5dc6e8472865554f0289bb6d","Yes","Yes, it is my native language",30,"Woman","","White/Caucasian","","Not Hispanic/Latino","Yes, I can hear the audio.","","100","100","100","100","100","100","Yes, I am ready to begin."
"165","L165","2022-01-26 17:48:05","2022-01-26 17:51:56","IP Address","173.88.82.48","100","231","True","2022-01-26 17:51:57","R_10ZB7YXU7iaNNYK","","","","","40.0536041259765625","-83.01149749755859375","anonymous","EN","5dcf4d27b039ab08c04d2740","Yes","Yes, it is my native language",21,"Woman","","Biracial or Multiracial","","Not Hispanic/Latino","Yes, I can hear the audio.","","100","100","100","97","97","98","Yes, I am ready to begin."
"166","L166","2022-01-26 17:47:32","2022-01-26 17:52:00","IP Address","174.246.83.121","100","267","True","2022-01-26 17:52:00","R_Xjgl5cOxwNkLSLf","","","","","47.6631011962890625","-122.3029022216796875","anonymous","EN","61345d3605392eea17fe4f7d","Yes","Yes, it is my second language",32,"Woman","","Asian American","","Not Hispanic/Latino","Yes, I can hear the audio.","","100","100","100","86","100","100","Yes, I am ready to begin."
"167","L167","2022-01-26 17:48:07","2022-01-26 17:52:02","IP Address","45.50.64.45","100","235","True","2022-01-26 17:52:03","R_2qsWBx2Sa5We9cf","","","","","33.8206024169921875","-118.03399658203125","anonymous","EN","5d0fd0fc0060b400181b0922","Yes","Yes, it is my native language",25,"Man","","Biracial or Multiracial","","Not Hispanic/Latino","Yes, I can hear the audio.","","98","99","84","70","62","83","Yes, I am ready to begin."
"168","L168","2022-01-26 17:48:29","2022-01-26 17:52:12","IP Address","104.172.9.203","100","223","True","2022-01-26 17:52:13","R_PSV5ky7vVDU0881","","","","","34.1448974609375","-118.388702392578125","anonymous","EN","5f3ae3fec9e0017b42c92ee0","Yes","Yes, it is my native language",26,"Woman","","Black/African American","","Hispanic/Latino","Yes, I can hear the audio.","","87","100","100","83","100","100","Yes, I am ready to begin."
"169","L169","2022-01-26 17:48:36","2022-01-26 17:52:13","IP Address","75.30.105.131","100","217","True","2022-01-26 17:52:14","R_3JxETdGjin45oTU","","","","","42.2823028564453125","-87.86009979248046875","anonymous","EN","5f0a5a99dbbf721316f118e2","Yes","Yes, it is my native language",24,"Woman","","Asian American","","Not Hispanic/Latino","Yes, I can hear the audio.","","100","100","100","100","100","100","Yes, I am ready to begin."
"170","L170","2022-01-26 17:47:55","2022-01-26 17:52:16","IP Address","24.182.26.107","100","260","True","2022-01-26 17:52:16","R_ebwmfFYQTN0NVTz","","","","","39.6450042724609375","-119.8737945556640625","anonymous","EN","611157c508ec60f3cfb2628e","Yes","Yes, it is my native language",27,"Woman","","White/Caucasian","","Not Hispanic/Latino","Yes, I can hear the audio.","","100","100","100","71","100","71","Yes, I am ready to begin."
"171","L171","2022-01-26 17:48:28","2022-01-26 17:52:20","IP Address","24.128.66.35","100","231","True","2022-01-26 17:52:20","R_1jUouaSZ34rWjEz","","","","","38.91290283203125","-104.7794036865234375","anonymous","EN","5e11882114ae638303c715d9","Yes","Yes, it is my native language",40,"Man","","White/Caucasian","","Not Hispanic/Latino","Yes, I can hear the audio.","","82","100","98","100","100","93","Yes, I am ready to begin."
"172","L172","2022-01-26 17:48:04","2022-01-26 17:52:23","IP Address","69.80.82.118","100","258","True","2022-01-26 17:52:23","R_2WUn8OfDxAce7KW","","","","","33.8820037841796875","-80.40399932861328125","anonymous","EN","5dc1eb838a84461511b3cd73","Yes","Yes, it is my native language",29,"Woman","","Prefer not to say","","Not Hispanic/Latino","Yes, I can hear the audio.","","100","100","100","93","100","100","Yes, I am ready to begin."
"173","L173","2022-01-26 17:47:49","2022-01-26 17:52:27","IP Address","68.11.236.126","100","277","True","2022-01-26 17:52:27","R_2uquthzjRFUeDW4","","","","","30.325103759765625","-92.0395965576171875","anonymous","EN","60b8242021561f7827855c02","Yes","Yes, it is my native language",36,"Woman","","White/Caucasian","","Not Hispanic/Latino","Yes, I can hear the audio.","","88","100","100","100","100","100","Yes, I am ready to begin."
"174","L174","2022-01-26 17:47:48","2022-01-26 17:52:34","IP Address","70.189.94.160","100","286","True","2022-01-26 17:52:35","R_b41uNBpCaYaMe8F","","","","","36.0431976318359375","-95.80719757080078125","anonymous","EN","5af0ddfde1b5b8000148a343","Yes","Yes, it is my native language",24,"Woman","","White/Caucasian","","Not Hispanic/Latino","Yes, I can hear the audio.","","100","100","100","39","82","78","Yes, I am ready to begin."
"175","L175","2022-01-26 17:47:57","2022-01-26 17:52:37","IP Address","172.114.255.111","100","280","True","2022-01-26 17:52:38","R_daOlIO70xMCmNUJ","","","","","33.967498779296875","-118.14640045166015625","anonymous","EN","60760e050c14bbe5efde1c28","Yes","Yes, it is my native language",25,"Man","","Prefer not to say","","Hispanic/Latino","Yes, I can hear the audio.","","86","100","100","92","97","100","Yes, I am ready to begin."
"176","L176","2022-01-26 17:48:29","2022-01-26 17:52:39","IP Address","104.63.69.236","100","249","True","2022-01-26 17:52:39","R_24zLoT0jeoSbqmZ","","","","","34.5077056884765625","-97.939300537109375","anonymous","EN","60461ebcb6a36e04513f1ee9","Yes","Yes, it is my native language",48,"Man","","White/Caucasian","","Hispanic/Latino","Yes, I can hear the audio.","","98","98","99","86","93","94","Yes, I am ready to begin."
"177","L177","2022-01-26 17:48:38","2022-01-26 17:52:52","IP Address","151.197.16.179","100","254","True","2022-01-26 17:52:52","R_sYhJBCkiqQ4yQ5X","","","","","40.6027069091796875","-75.4777984619140625","anonymous","EN","60ea3690567f68655f83d0b5","Yes","Yes, it is my native language",38,"Man","","White/Caucasian","","Not Hispanic/Latino","Yes, I can hear the audio.","","100","100","100","100","100","100","Yes, I am ready to begin."
"178","L178","2022-01-26 17:48:02","2022-01-26 17:52:52","IP Address","71.197.172.118","100","290","True","2022-01-26 17:52:52","R_bQpJucQZXTZs6gF","","","","","47.2230072021484375","-122.536102294921875","anonymous","EN","6096c372f94346a5ff86d507","Yes","Yes, it is my native language",38,"Woman","","Black/African American","","Not Hispanic/Latino","Yes, I can hear the audio.","","100","100","100","83","100","100","Yes, I am ready to begin."
"179","L179","2022-01-26 17:48:05","2022-01-26 17:52:56","IP Address","174.107.99.220","100","291","True","2022-01-26 17:52:56","R_1f2QSYreyWExw9U","","","","","33.9541015625","-81.1421966552734375","anonymous","EN","615bbcccf3eb034b954a90dd","Yes","Yes, it is my native language",35,"Woman","","White/Caucasian","","Not Hispanic/Latino","Yes, I can hear the audio.","","98","100","67","61","18","47","Yes, I am ready to begin."
"180","L180","2022-01-26 17:47:38","2022-01-26 17:52:57","IP Address","70.121.234.247","100","318","True","2022-01-26 17:52:57","R_238qlj9nJLn4ewQ","","","","","30.1387939453125","-97.2920989990234375","anonymous","EN","60edaf90d8aa718a66510d04","Yes","Yes, it is my native language",34,"Woman","","Biracial or Multiracial","","Not Hispanic/Latino","Yes, I can hear the audio.","","100","100","100","100","74","17","Yes, I am ready to begin."
"181","L181","2022-01-26 17:49:09","2022-01-26 17:53:00","IP Address","107.145.240.193","100","230","True","2022-01-26 17:53:00","R_2Y5uWVP7Jb5jmz7","","","","","28.5980987548828125","-81.35150146484375","anonymous","EN","5c43517c8fefb60001c447fe","Yes","Yes, it is my native language",37,"Non-Binary","","White/Caucasian","","Prefer not to say","Yes, I can hear the audio.","","33","100","100","0","90","100","Yes, I am ready to begin."
"182","L182","2022-01-26 17:48:05","2022-01-26 17:53:05","IP Address","67.166.159.26","100","299","True","2022-01-26 17:53:05","R_1eVpNnskNxo52e5","","","","","38.5558929443359375","-121.739105224609375","anonymous","EN","60fe5291479c1a1f6417b4a5","Yes","Yes, it is my native language",19,"Woman","","Asian American","","Not Hispanic/Latino","Yes, I can hear the audio.","","100","100","100","100","100","100","Yes, I am ready to begin."
"183","L183","2022-01-26 17:48:15","2022-01-26 17:53:05","IP Address","209.243.3.254","100","290","True","2022-01-26 17:53:05","R_1n2hcJuDmDbRgro","","","","","46.920806884765625","-98.74500274658203125","anonymous","EN","5843e65e56019d0001f6a305","Yes","Yes, it is my native language",36,"Man","","White/Caucasian","","Not Hispanic/Latino","Yes, I can hear the audio.","","100","100","100","71","100","100","Yes, I am ready to begin."
"184","L184","2022-01-26 17:48:08","2022-01-26 17:53:06","IP Address","70.189.188.36","100","298","True","2022-01-26 17:53:07","R_1BQ3kiXsilLn8sy","","","","","36.038299560546875","-115.14459991455078125","anonymous","EN","5d17ce93ac37cd0019535088","Yes","Yes, it is my native language",21,"Man","","Asian American","","Not Hispanic/Latino","Yes, I can hear the audio.","","100","100","100","100","100","100","Yes, I am ready to begin."
"185","L185","2022-01-26 17:48:09","2022-01-26 17:53:15","IP Address","72.106.213.153","100","306","True","2022-01-26 17:53:16","R_x6qupdqeQzuPAsN","","","","","41.4557952880859375","-81.78150177001953125","anonymous","EN","61534251f98a9e4929d81c2b","Yes","Yes, it is my native language",44,"Woman","","White/Caucasian","","Not Hispanic/Latino","Yes, I can hear the audio.","","100","100","100","100","100","100","Yes, I am ready to begin."
"186","L186","2022-01-26 17:47:39","2022-01-26 17:53:17","IP Address","192.63.140.94","100","337","True","2022-01-26 17:53:17","R_2E6GSezUkftSiYP","","","","","33.90679931640625","-98.499603271484375","anonymous","EN","5be5c05fd153f500019a2ef2","Yes","Yes, it is my native language",66,"Woman","","White/Caucasian","","Not Hispanic/Latino","Yes, I can hear the audio.","","100","100","100","100","100","100","Yes, I am ready to begin."
"187","L187","2022-01-26 17:47:58","2022-01-26 17:53:35","IP Address","198.54.105.79","100","336","True","2022-01-26 17:53:35","R_31QIOpHs9hj6ZER","","","","","41.8972015380859375","-87.619598388671875","anonymous","EN","610db393b77099464f765317","Yes","Yes, it is my native language",32,"Man","","White/Caucasian","","Not Hispanic/Latino","Yes, I can hear the audio.","","92","95","91","86","91","95","Yes, I am ready to begin."
"188","L188","2022-01-26 17:48:21","2022-01-26 17:53:43","IP Address","98.235.167.51","100","322","True","2022-01-26 17:53:44","R_dd0uIuIIF73zz5T","","","","","40.810302734375","-77.88800048828125","anonymous","EN","60833ce5197d68cff9df1b83","Yes","Yes, it is my native language",66,"Man","","White/Caucasian","","Not Hispanic/Latino","Yes, I can hear the audio.","","100","100","100","100","100","100","Yes, I am ready to begin."
"189","L189","2022-01-26 17:48:12","2022-01-26 17:53:44","IP Address","216.180.25.45","100","331","True","2022-01-26 17:53:44","R_2t6hp5udLF63czW","","","","","34.2593994140625","-93.42120361328125","anonymous","EN","5ef937f1ca998b000ca8c947","Yes","Yes, it is my native language",38,"Man","","White/Caucasian","","Not Hispanic/Latino","Yes, I can hear the audio.","","90","100","95","55","100","84","Yes, I am ready to begin."
"190","L190","2022-01-26 17:48:04","2022-01-26 17:53:50","IP Address","208.191.79.147","100","345","True","2022-01-26 17:53:50","R_2SCXjaXZEIcd9j4","","","","","41.3704071044921875","-81.85870361328125","anonymous","EN","6099dc9048ab61c670e01aa5","Yes","Yes, it is my native language",22,"Woman","","White/Caucasian","","Not Hispanic/Latino","Yes, I can hear the audio.","","100","100","100","100","100","100","Yes, I am ready to begin."
"191","L191","2022-01-26 17:48:18","2022-01-26 17:53:55","IP Address","47.198.195.203","100","336","True","2022-01-26 17:53:55","R_7R4l3tDKGor4nVT","","","","","28.032501220703125","-82.6035003662109375","anonymous","EN","5e69873c938d32244e113c95","Yes","Yes, it is my native language",65,"Man","","White/Caucasian","","Not Hispanic/Latino","Yes, I can hear the audio.","","100","100","100","100","100","100","Yes, I am ready to begin."
"192","L192","2022-01-26 17:48:07","2022-01-26 17:54:02","IP Address","98.7.64.204","100","355","True","2022-01-26 17:54:02","R_1F4Wr137wvCDMMQ","","","","","40.7494049072265625","-73.966400146484375","anonymous","EN","60fddb9563821de884577d32","Yes","Yes, it is my native language",23,"Woman","","White/Caucasian","","Not Hispanic/Latino","Yes, I can hear the audio.","","73","64","68","32","48","70","Yes, I am ready to begin."
"193","L193","2022-01-26 17:47:47","2022-01-26 17:54:05","IP Address","73.166.121.216","100","378","True","2022-01-26 17:54:06","R_OGMDJom6SFSq6yJ","","","","","29.5182952880859375","-95.0977020263671875","anonymous","EN","60dfc07ddcd24dcc266d8690","Yes","Yes, it is my native language",26,"Man","","White/Caucasian","","Hispanic/Latino","Yes, I can hear the audio.","","100","100","100","100","100","100","Yes, I am ready to begin."
"194","L194","2022-01-26 17:47:58","2022-01-26 17:54:15","IP Address","68.99.147.58","100","377","True","2022-01-26 17:54:16","R_PNUjmMs9vieaHlv","","","","","32.8936004638671875","-83.7429962158203125","anonymous","EN","5f0550bf5819b18476ee8343","Yes","Yes, it is my native language",70,"Woman","","White/Caucasian","","Not Hispanic/Latino","Yes, I can hear the audio.","","100","100","100","94","100","100","Yes, I am ready to begin."
"195","L195","2022-01-26 17:48:23","2022-01-26 17:54:36","IP Address","73.240.113.81","100","372","True","2022-01-26 17:54:36","R_1lymXBlp8nEiPID","","","","","45.8582000732421875","-122.8314056396484375","anonymous","EN","60faefcf667e07570bed9dcb","Yes","Yes, it is my native language",56,"Man","","White/Caucasian","","Not Hispanic/Latino","Yes, I can hear the audio.","","100","100","100","95","94","94","Yes, I am ready to begin."
"196","L196","2022-01-26 17:48:12","2022-01-26 17:54:44","IP Address","173.68.134.189","100","392","True","2022-01-26 17:54:45","R_2WNAjmxwdXgotGN","","","","","40.7653045654296875","-73.95890045166015625","anonymous","EN","6111f9415ec5ad399921a859","Yes","Yes, it is my second language",24,"Woman","","Biracial or Multiracial","","Not Hispanic/Latino","Yes, I can hear the audio.","","100","100","100","100","100","100","Yes, I am ready to begin."
"197","L197","2022-01-26 17:48:12","2022-01-26 17:54:56","IP Address","45.24.143.202","100","403","True","2022-01-26 17:54:56","R_sFLvhJwfS63Yxm9","","","","","34.84930419921875","-82.4040985107421875","anonymous","EN","614f5734ca61d17940ac78b3","Yes","Yes, it is my native language",54,"Woman","","White/Caucasian","","Not Hispanic/Latino","Yes, I can hear the audio.","","100","100","100","91","100","100","Yes, I am ready to begin."
"198","L198","2022-01-26 17:48:13","2022-01-26 17:55:30","IP Address","67.48.170.115","100","436","True","2022-01-26 17:55:30","R_2yruCa2p462dI37","","","","","26.19659423828125","-97.69120025634765625","anonymous","EN","57d0badf28d5250001bdd9d2","Yes","Yes, it is my native language",29,"Woman","","White/Caucasian","","Hispanic/Latino","Yes, I can hear the audio.","","100","100","95","100","95","100","Yes, I am ready to begin."
"199","L199","2022-01-26 17:50:32","2022-01-26 17:55:42","IP Address","69.169.4.204","100","310","True","2022-01-26 17:55:43","R_2feN87FQvLAaTDK","","","","","40.7252044677734375","-73.944000244140625","anonymous","EN","5f2755111425fa5484311fc4","Yes","Yes, it is my native language",30,"Woman","","White/Caucasian","","Not Hispanic/Latino","Yes, I can hear the audio.","","81","89","89","88","90","93","Yes, I am ready to begin."
"200","L200","2022-01-26 17:51:36","2022-01-26 17:55:56","IP Address","76.251.6.195","100","259","True","2022-01-26 17:55:56","R_25M8VuDBRkcVkel","","","","","35.4739990234375","-80.87290191650390625","anonymous","EN","6109dbf2714f8d7abc2fec1d","Yes","Yes, it is my native language",44,"Woman","","White/Caucasian","","Not Hispanic/Latino","Yes, I can hear the audio.","","100","100","100","100","100","100","Yes, I am ready to begin."
"201","L201","2022-01-26 17:48:25","2022-01-26 17:56:32","IP Address","71.90.198.102","100","487","True","2022-01-26 17:56:33","R_siGKHrDffnXu0ud","","","","","34.0388946533203125","-84.382598876953125","anonymous","EN","5f4a7a00dc1bde60ab8f7ac5","Yes","Yes, it is my native language",27,"Man","","Asian American","","Not Hispanic/Latino","Yes, I can hear the audio.","","78","100","100","80","100","93","Yes, I am ready to begin."
"202","L202","2022-01-26 17:47:54","2022-01-26 17:56:51","IP Address","173.76.91.81","100","536","True","2022-01-26 17:56:52","R_3syvA9INyFfgczN","","","","","42.124603271484375","-71.114898681640625","anonymous","EN","559b1e92fdf99b426abb6227","Yes","Yes, it is my native language",42,"Man","","White/Caucasian","","Not Hispanic/Latino","Yes, I can hear the audio.","","100","100","100","96","86","94","Yes, I am ready to begin."
"203","L203","2022-01-26 17:48:58","2022-01-26 17:57:14","IP Address","184.152.78.166","100","496","True","2022-01-26 17:57:14","R_3EZ23BETUTB5HXP","","","","","40.69549560546875","-73.96669769287109375","anonymous","EN","5aecad0e75deca000162634c","Yes","Yes, it is my native language",63,"Woman","","Black/African American","","Not Hispanic/Latino","Yes, I can hear the audio.","","80","94","90","73","73","68","Yes, I am ready to begin."
"204","L204","2022-01-26 17:48:11","2022-01-26 17:57:23","IP Address","76.172.100.96","100","551","True","2022-01-26 17:57:24","R_3D0YYEFf4NDvjIB","","","","","32.976104736328125","-115.5290985107421875","anonymous","EN","6007776684975127676717c4","Yes","Yes, it is my native language",29,"Man","","White/Caucasian","","Hispanic/Latino","Yes, I can hear the audio.","","99","87","93","92","55","80","Yes, I am ready to begin."
"205","L205","2022-01-26 17:55:19","2022-01-26 18:00:59","IP Address","47.184.80.7","100","340","True","2022-01-26 18:00:59","R_2hFRyaDSQv8cZC9","","","","","33.2205047607421875","-97.12940216064453125","anonymous","EN","5ee517175fd9cf23b3b7b7ec","Yes","Yes, it is my native language",26,"Man","","White/Caucasian","","Not Hispanic/Latino","Yes, I can hear the audio.","","85","90","91","79","79","88","Yes, I am ready to begin."
"206","L206","2022-01-26 18:00:09","2022-01-26 18:03:46","IP Address","150.108.240.103","100","216","True","2022-01-26 18:03:46","R_1CfFGmh2nA6H3wU","","","","","40.8621978759765625","-73.89019775390625","anonymous","EN","61007ec7b65c2281b7a45058","Yes","Yes, it is my native language",19,"Woman","","Biracial or Multiracial","","Not Hispanic/Latino","Yes, I can hear the audio.","","82","90","84","82","78","92","Yes, I am ready to begin."
"207","L207","2022-01-26 17:49:17","2022-01-26 18:05:53","IP Address","47.154.120.190","100","995","True","2022-01-26 18:05:53","R_Y9tLeXVb8TnW6FH","","","","","33.751495361328125","-118.36700439453125","anonymous","EN","60ffae39406f5e4035c8dea0","Yes","Yes, it is my native language",33,"Man","","White/Caucasian","","Not Hispanic/Latino","Yes, I can hear the audio.","","50","84","100","61","79","80","Yes, I am ready to begin."
"208","L208","2022-01-26 17:59:08","2022-01-26 18:13:27","IP Address","108.24.105.179","100","859","True","2022-01-26 18:13:28","R_30wPuC7ccmwbHnK","","","","","39.8845062255859375","-74.90670013427734375","anonymous","EN","60cbabd69ddfb4d7243a1e38","Yes","Yes, it is my native language",48,"Man","","White/Caucasian","","Not Hispanic/Latino","Yes, I can hear the audio.","","88","90","88","83","70","72","Yes, I am ready to begin."
"209","L209","2022-01-26 17:51:38","2022-01-26 18:25:27","IP Address","73.171.98.42","100","2028","True","2022-01-26 18:25:27","R_2t4ojlselNf0rWD","","","","","37.2696990966796875","-81.22119903564453125","anonymous","EN","5d8934dc4c680f00181616f8","Yes","Yes, it is my native language",34,"Woman","","White/Caucasian","","Not Hispanic/Latino","Yes, I can hear the audio.","","100","100","100","100","88","45","Yes, I am ready to begin."
"210","L210","2022-01-26 18:25:40","2022-01-26 18:29:29","IP Address","104.49.245.128","100","229","True","2022-01-26 18:29:29","R_3IDelMvvUkOTkQx","","","","","38.220001220703125","-85.6941986083984375","anonymous","EN","5e2ac2aa0038f21089a533a4","Yes","Yes, it is my native language",42,"Woman","","White/Caucasian","","Not Hispanic/Latino","Yes, I can hear the audio.","","100","100","100","100","100","100","Yes, I am ready to begin."
