DatabaseID,Group,condition,phrase,label,token,time,F1,F2,F3
Sub30,HC,conv,bsent,ai,ai,9.689297,558,1139,2436
Sub30,HC,conv,bsent,ai,ai,9.69941,626,1189,2466
Sub30,HC,conv,bsent,ai,ai,9.709206,640,1224,2524
Sub30,HC,conv,bsent,ai,ai,9.719093,651,1254,2561
Sub30,HC,conv,bsent,ai,ai,9.729342,661,1281,2577
Sub30,HC,conv,bsent,ai,ai,9.739229,670,1293,2593
Sub30,HC,conv,bsent,ai,ai,9.749161,682,1300,2598
Sub30,HC,conv,bsent,ai,ai,9.758866,690,1305,2598
Sub30,HC,conv,bsent,ai,ai,9.768753,697,1302,2588
Sub30,HC,conv,bsent,ai,ai,9.778005,699,1308,2577
Sub30,HC,conv,bsent,ai,ai,9.787664,693,1321,2560
Sub30,HC,conv,bsent,ai,ai,9.796735,686,1333,2534
Sub30,HC,conv,bsent,ai,ai,9.806032,689,1354,2497
Sub30,HC,conv,bsent,ai,ai,9.815102,694,1387,2454
Sub30,HC,conv,bsent,ai,ai,9.823628,697,1435,2413
Sub30,HC,conv,bsent,ai,ai,9.83229,703,1486,2386
Sub30,HC,conv,bsent,ai,ai,9.840272,694,1517,2356
Sub30,HC,conv,bsent,ai,ai,9.848571,676,1539,2323
Sub30,HC,conv,bsent,ai,ai,9.856009,645,1569,2292
Sub30,HC,conv,bsent,ai,ai,9.863991,612,1565,2253
Sub30,HC,conv,bsent,ai,ai,9.870703,583,1561,2191
Sub30,HC,conv,bsent,ai,ai,9.878549,556,1541,2132
Sub30,HC,conv,bsent,ai,ai,9.884444,503,1433,2094
Sub30,HC,conv,bsent,a,a,9.994875,503,1211,2476
Sub30,HC,conv,bsent,a,a,10.003356,573,1226,2516
Sub30,HC,conv,bsent,a,a,10.01229,591,1233,2512
Sub30,HC,conv,bsent,a,a,10.02127,586,1269,2502
Sub30,HC,conv,bsent,a,a,10.030431,596,1254,2529
Sub30,HC,conv,bsent,a,a,10.039683,605,1256,2532
Sub30,HC,conv,bsent,a,a,10.049252,599,1269,2560
Sub30,HC,conv,bsent,a,a,10.058413,594,1258,2537
Sub30,HC,conv,bsent,a,a,10.067574,595,1249,2523
Sub30,HC,conv,bsent,a,a,10.076644,586,1223,2511
Sub30,HC,conv,bsent,a,a,10.08585,566,1191,2526
Sub30,HC,conv,bsent,a,a,10.094467,557,2291,3442
Sub30,HC,conv,bsent,i,i,10.173515,375,1448,2664
Sub30,HC,conv,bsent,i,i,10.181406,409,1549,2489
Sub30,HC,conv,bsent,i,i,10.189751,405,1681,2506
Sub30,HC,conv,bsent,i,i,10.198231,392,1753,2506
Sub30,HC,conv,bsent,i,i,10.206848,390,1835,2516
Sub30,HC,conv,bsent,i,i,10.215601,385,1894,2523
Sub30,HC,conv,bsent,i,i,10.224354,382,1956,2519
Sub30,HC,conv,bsent,i,i,10.232971,379,1983,2554
Sub30,HC,conv,bsent,i,i,10.241587,377,1961,2552
Sub30,HC,conv,bsent,i,i,10.250249,377,2006,2564
Sub30,HC,conv,bsent,i,i,10.258957,383,1982,2580
Sub30,HC,conv,bsent,i,i,10.267846,378,2007,2584
Sub30,HC,conv,bsent,i,i,10.276644,378,2014,2599
Sub30,HC,conv,bsent,i,i,10.285351,378,2038,2624
Sub30,HC,conv,bsent,i,i,10.294331,371,2055,2655
Sub30,HC,conv,bsent,i,i,10.303175,354,2081,2684
Sub30,HC,conv,bsent,i,i,10.311701,342,2101,2634
Sub30,HC,conv,bsent,i,i,10.32059,330,2125,2595
Sub30,HC,conv,bsent,i,i,10.329116,316,2098,2427
Sub30,HC,conv,bsent,i,i,10.338005,309,1901,2288
Sub30,HC,conv,bsent,v,v,10.465624,365,0,0
Sub30,HC,conv,bsent,v,v,10.47161,597,1232,2414
Sub30,HC,conv,bsent,v,v,10.478549,609,1241,2510
Sub30,HC,conv,bsent,v,v,10.490295,601,1193,3563
Sub30,HC,conv,bsent,v,v,10.506667,604,1132,2368
Sub30,HC,conv,bsent,i,i.1,10.62059,0,0,0
Sub30,HC,conv,bsent,i,i.1,10.620091,362,2102,2561
Sub30,HC,conv,bsent,i,i.1,10.638866,359,2240,2734
Sub30,HC,conv,bsent,i,i.1,10.658367,351,2295,2837
Sub30,HC,conv,bsent,i,i.1,10.66907,340,2305,2837
Sub30,HC,conv,bsent,i,i.1,10.683084,357,2341,2874
Sub30,HC,conv,bsent,i,i.1,10.695782,369,2377,2921
Sub30,HC,conv,bsent,i,i.1,10.705805,413,2423,2910
Sub30,HC,conv,bsent,i,i.1,10.717959,141,2446,2782
Sub30,HC,conv,bsent,i,i.1,10.730522,835,2614,3969
Sub30,HC,conv,tsent,ae,ae,12.514739,499,1620,2357
Sub30,HC,conv,tsent,ae,ae,12.523764,549,1663,2326
Sub30,HC,conv,tsent,ae,ae,12.533107,563,1733,2356
Sub30,HC,conv,tsent,ae,ae,12.542494,569,1776,2372
Sub30,HC,conv,tsent,ae,ae,12.552109,571,1795,2436
Sub30,HC,conv,tsent,ae,ae,12.561633,579,1802,2455
Sub30,HC,conv,tsent,ae,ae,12.571202,570,1826,2449
Sub30,HC,conv,tsent,ae,ae,12.580862,569,1834,2430
Sub30,HC,conv,tsent,ae,ae,12.590295,574,1832,2387
Sub30,HC,conv,tsent,ae,ae,12.599773,570,1840,2355
Sub30,HC,conv,tsent,ae,ae,12.609116,572,1837,2266
Sub30,HC,conv,tsent,ae,ae,12.618458,571,1831,2243
Sub30,HC,conv,tsent,ae,ae,12.627755,569,1821,2221
Sub30,HC,conv,tsent,ae,ae,12.636961,571,1814,2218
Sub30,HC,conv,tsent,ae,ae,12.645941,567,1803,2204
Sub30,HC,conv,tsent,ae,ae,12.655057,566,1761,2220
Sub30,HC,conv,tsent,ae,ae,12.664127,561,1719,2258
Sub30,HC,conv,tsent,ae,ae,12.673243,550,1603,2288
Sub30,HC,conv,tsent,ae,ae,12.682222,555,2306,3992
Sub30,HC,conv,tsent,ae,ae,12.691701,358,2348,3840
Sub30,HC,conv,tsent,ae,ae,12.700408,318,2338,3906
Sub30,HC,conv,ksent,a,a.1,14.541678,500,1581,2327
Sub30,HC,conv,ksent,a,a.1,14.550748,561,1556,2332
Sub30,HC,conv,ksent,a,a.1,14.560091,578,1538,2304
Sub30,HC,conv,ksent,a,a.1,14.569524,605,1505,2296
Sub30,HC,conv,ksent,a,a.1,14.579637,627,1506,2271
Sub30,HC,conv,ksent,a,a.1,14.589342,615,1495,2283
Sub30,HC,conv,ksent,a,a.1,14.599365,611,1531,2269
Sub30,HC,conv,ksent,a,a.1,14.609388,591,1537,2284
Sub30,HC,conv,ksent,a,a.1,14.61873,551,1523,2293
Sub30,HC,conv,ksent,a,a.1,14.628707,447,1362,2296
Sub30,HC,conv,ksent,o,o,15.008345,419,1170,2113
Sub30,HC,conv,ksent,o,o,15.017506,428,1117,2171
Sub30,HC,conv,ksent,o,o,15.027937,446,1083,2198
Sub30,HC,conv,ksent,o,o,15.03873,442,1008,2242
Sub30,HC,conv,ksent,o,o,15.050023,447,948,2288
Sub30,HC,conv,ksent,o,o,15.061542,407,934,2398
Sub30,HC,conv,ksent,o,o,15.072698,445,946,2401
Sub30,HC,conv,ksent,o,o,15.083946,436,927,2477
Sub30,HC,conv,ksent,o,o,15.095147,431,897,0
Sub30,HC,conv,ksent,o,o,15.105805,411,921,2356
Sub30,HC,conv,ksent,o,o,15.116145,371,999,3118
Sub30,HC,conv,ksent,o,o,15.12449,385,2867,3778
Sub30,HC,conv,ksent,a,a.2,15.444354,0,0,0
Sub30,HC,conv,ksent,a,a.2,15.447029,466,1086,1789
Sub30,HC,conv,ksent,a,a.2,15.459184,484,1077,1864
Sub30,HC,conv,ksent,a,a.2,15.47415,531,1045,1896
Sub30,HC,conv,ksent,a,a.2,15.494104,561,983,2086
Sub30,HC,conv,ksent,a,a.2,15.510612,573,961,2233
Sub30,HC,conv,ksent,a,a.2,15.5278,574,957,2325
Sub30,HC,conv,ksent,a,a.2,15.5439,588,947,2411
Sub30,HC,conv,ksent,a,a.2,15.55941,579,931,2448
Sub30,HC,conv,ksent,a,a.2,15.575374,578,921,2454
Sub30,HC,conv,ksent,a,a.2,15.591791,572,904,2449
Sub30,HC,conv,ksent,a,a.2,15.611202,536,908,2451
Sub30,HC,conv,ksent,a,a.2,15.620907,500,928,2328
Sub30,HC,conv,ksent,a,a.2,15.628526,524,950,2247
Sub30,HC,conv,ksent,a,a.2,15.653424,528,1013,2249
Sub30,HC,conv,ksent,a,a.2,15.672653,390,1049,2360
Sub30,HC,conv,ksent,a,a.2,15.695238,334,3076,4080
Sub30,HC,conv,bsent.1,ai,ai.1,16.871746,578,1148,2448
Sub30,HC,conv,bsent.1,ai,ai.1,16.881905,631,1175,2507
Sub30,HC,conv,bsent.1,ai,ai.1,16.892245,650,1205,2536
Sub30,HC,conv,bsent.1,ai,ai.1,16.902449,660,1236,2537
Sub30,HC,conv,bsent.1,ai,ai.1,16.912517,668,1250,2554
Sub30,HC,conv,bsent.1,ai,ai.1,16.922585,677,1259,2566
Sub30,HC,conv,bsent.1,ai,ai.1,16.932653,683,1270,2567
Sub30,HC,conv,bsent.1,ai,ai.1,16.94263,691,1274,2570
Sub30,HC,conv,bsent.1,ai,ai.1,16.952653,705,1282,2569
Sub30,HC,conv,bsent.1,ai,ai.1,16.962494,711,1285,2556
Sub30,HC,conv,bsent.1,ai,ai.1,16.972154,720,1289,2537
Sub30,HC,conv,bsent.1,ai,ai.1,16.981723,729,1311,2513
Sub30,HC,conv,bsent.1,ai,ai.1,16.990975,728,1343,2477
Sub30,HC,conv,bsent.1,ai,ai.1,17.000272,716,1413,2444
Sub30,HC,conv,bsent.1,ai,ai.1,17.009569,726,1558,2477
Sub30,HC,conv,bsent.1,ai,ai.1,17.018186,713,1607,2439
Sub30,HC,conv,bsent.1,ai,ai.1,17.027029,689,1676,2452
Sub30,HC,conv,bsent.1,ai,ai.1,17.035918,645,1726,2447
Sub30,HC,conv,bsent.1,ai,ai.1,17.044263,595,1743,2498
Sub30,HC,conv,bsent.1,ai,ai.1,17.053152,527,1771,0
Sub30,HC,conv,bsent.1,ai,ai.1,17.061497,461,1779,0
Sub30,HC,conv,bsent.1,ai,ai.1,17.069977,405,1766,0
Sub30,HC,conv,bsent.1,ai,ai.1,17.078503,412,0,4168
Sub30,HC,conv,bsent.1,a,a.3,17.186848,530,1218,2240
Sub30,HC,conv,bsent.1,a,a.3,17.196644,568,1213,2464
Sub30,HC,conv,bsent.1,a,a.3,17.206939,592,1224,2440
Sub30,HC,conv,bsent.1,a,a.3,17.21737,616,1229,2502
Sub30,HC,conv,bsent.1,a,a.3,17.228073,597,1237,2537
Sub30,HC,conv,bsent.1,a,a.3,17.238957,606,1241,2551
Sub30,HC,conv,bsent.1,a,a.3,17.249796,606,1240,2554
Sub30,HC,conv,bsent.1,a,a.3,17.260408,624,1246,2526
Sub30,HC,conv,bsent.1,a,a.3,17.27093,627,1246,2506
Sub30,HC,conv,bsent.1,a,a.3,17.281542,596,1249,2484
Sub30,HC,conv,bsent.1,a,a.3,17.2922,550,1234,2414
Sub30,HC,conv,bsent.1,a,a.3,17.302993,505,1198,2316
Sub30,HC,conv,bsent.1,a,a.3,17.314331,487,2311,3383
Sub30,HC,conv,bsent.1,i,i.2,17.38898,336,1951,2453
Sub30,HC,conv,bsent.1,i,i.2,17.39941,334,2010,2531
Sub30,HC,conv,bsent.1,i,i.2,17.409478,331,2038,2582
Sub30,HC,conv,bsent.1,i,i.2,17.419683,328,2068,2624
Sub30,HC,conv,bsent.1,i,i.2,17.430113,322,2091,2652
Sub30,HC,conv,bsent.1,i,i.2,17.44068,324,2105,2661
Sub30,HC,conv,bsent.1,i,i.2,17.451111,327,2117,2660
Sub30,HC,conv,bsent.1,i,i.2,17.461179,332,2113,2642
Sub30,HC,conv,bsent.1,i,i.2,17.471202,341,2096,2623
Sub30,HC,conv,bsent.1,i,i.2,17.481134,347,2086,2609
Sub30,HC,conv,bsent.1,i,i.2,17.490839,351,2069,2597
Sub30,HC,conv,bsent.1,i,i.2,17.500544,351,2068,2591
Sub30,HC,conv,bsent.1,i,i.2,17.510295,348,2064,2601
Sub30,HC,conv,bsent.1,i,i.2,17.519864,348,2062,2617
Sub30,HC,conv,bsent.1,i,i.2,17.529206,339,2070,2627
Sub30,HC,conv,bsent.1,i,i.2,17.538549,331,2064,2622
Sub30,HC,conv,bsent.1,i,i.2,17.547982,327,2034,2549
Sub30,HC,conv,bsent.1,i,i.2,17.557279,309,1980,2571
Sub30,HC,conv,bsent.1,i,i.2,17.566485,290,1931,2528
Sub30,HC,conv,bsent.1,i,i.2,17.575011,211,1952,3017
Sub30,HC,conv,bsent.1,v,v.1,17.702132,617,1232,2412
Sub30,HC,conv,bsent.1,v,v.1,17.709025,611,1221,2423
Sub30,HC,conv,bsent.1,v,v.1,17.716735,616,1249,2485
Sub30,HC,conv,bsent.1,v,v.1,17.72263,600,1225,2438
Sub30,HC,conv,bsent.1,v,v.1,17.738322,632,1212,2449
Sub30,HC,conv,bsent.1,v,v.1,17.753333,570,1213,2353
Sub30,HC,conv,bsent.1,v,v.1,17.75932,597,1155,3258
Sub30,HC,conv,bsent.1,v,v.1,17.766259,538,1158,2249
Sub30,HC,conv,bsent.1,v,v.1,17.771791,454,0,0
Sub30,HC,conv,bsent.1,v,v.1,17.777914,788,1758,3046
Sub30,HC,conv,bsent.1,v,v.1,17.782812,375,921,2014
Sub30,HC,conv,bsent.1,i,i.3,17.866576,0,0,0
Sub30,HC,conv,bsent.1,i,i.3,17.868662,344,2062,2614
Sub30,HC,conv,bsent.1,i,i.3,17.878821,368,2057,2669
Sub30,HC,conv,bsent.1,i,i.3,17.890068,346,2088,2655
Sub30,HC,conv,bsent.1,i,i.3,17.90263,315,2131,2644
Sub30,HC,conv,bsent.1,i,i.3,17.915782,308,2200,2706
Sub30,HC,conv,bsent.1,i,i.3,17.929977,343,2236,2724
Sub30,HC,conv,bsent.1,i,i.3,17.945079,440,2207,2668
Sub30,HC,conv,bsent.1,i,i.3,17.957687,417,2274,2732
Sub30,HC,conv,bsent.1,i,i.3,17.96712,310,2366,3001
Sub30,HC,conv,bsent.1,i,i.3,17.979002,815,2366,2813
Sub30,HC,conv,tsent.1,ae,ae.1,19.355737,437,1493,2339
Sub30,HC,conv,tsent.1,ae,ae.1,19.365896,472,1561,2327
Sub30,HC,conv,tsent.1,ae,ae.1,19.376145,486,1644,2325
Sub30,HC,conv,tsent.1,ae,ae.1,19.38644,502,1706,2340
Sub30,HC,conv,tsent.1,ae,ae.1,19.396825,538,1765,2310
Sub30,HC,conv,tsent.1,ae,ae.1,19.406984,554,1785,2289
Sub30,HC,conv,tsent.1,ae,ae.1,19.417234,563,1791,2279
Sub30,HC,conv,tsent.1,ae,ae.1,19.427574,557,1807,2250
Sub30,HC,conv,tsent.1,ae,ae.1,19.437778,555,1804,2258
Sub30,HC,conv,tsent.1,ae,ae.1,19.447846,563,1792,2256
Sub30,HC,conv,tsent.1,ae,ae.1,19.457914,559,1784,2237
Sub30,HC,conv,tsent.1,ae,ae.1,19.467891,558,1759,2229
Sub30,HC,conv,tsent.1,ae,ae.1,19.477914,553,1733,2218
Sub30,HC,conv,tsent.1,ae,ae.1,19.487846,555,1662,2245
Sub30,HC,conv,tsent.1,ae,ae.1,19.497551,510,1625,2265
Sub30,HC,conv,tsent.1,ae,ae.1,19.507347,373,1050,2298
Sub30,HC,conv,tsent.1,ae,ae.1,19.517052,339,1019,2323
Sub30,HC,conv,tsent.1,ae,ae.1,19.526984,322,2344,3711
Sub30,HC,conv,ksent.1,a,a.4,21.249161,565,1500,2347
Sub30,HC,conv,ksent.1,a,a.4,21.257823,588,1494,2381
Sub30,HC,conv,ksent.1,a,a.4,21.267347,610,1482,2341
Sub30,HC,conv,ksent.1,a,a.4,21.277098,634,1480,2332
Sub30,HC,conv,ksent.1,a,a.4,21.287075,623,1503,2297
Sub30,HC,conv,ksent.1,a,a.4,21.296871,612,1517,2348
Sub30,HC,conv,ksent.1,a,a.4,21.306667,589,1516,2356
Sub30,HC,conv,ksent.1,a,a.4,21.316553,537,1496,2360
Sub30,HC,conv,ksent.1,a,a.4,21.326803,440,1371,2308
Sub30,HC,conv,ksent.1,a,a.4,21.336689,377,1339,2312
Sub30,HC,conv,ksent.1,o,o.1,21.641088,460,1165,1999
Sub30,HC,conv,ksent.1,o,o.1,21.651156,462,1130,2045
Sub30,HC,conv,ksent.1,o,o.1,21.661315,461,1106,2094
Sub30,HC,conv,ksent.1,o,o.1,21.671565,450,1065,2162
Sub30,HC,conv,ksent.1,o,o.1,21.681859,437,1030,2278
Sub30,HC,conv,ksent.1,o,o.1,21.6922,420,994,2371
Sub30,HC,conv,ksent.1,o,o.1,21.702766,400,961,2429
Sub30,HC,conv,ksent.1,o,o.1,21.713379,393,982,2442
Sub30,HC,conv,ksent.1,o,o.1,21.724036,381,982,2450
Sub30,HC,conv,ksent.1,o,o.1,21.73483,376,0,2205
Sub30,HC,conv,ksent.1,a,a.5,22.058594,482,1073,1813
Sub30,HC,conv,ksent.1,a,a.5,22.071066,517,1016,1900
Sub30,HC,conv,ksent.1,a,a.5,22.083311,529,989,1963
Sub30,HC,conv,ksent.1,a,a.5,22.097052,544,989,2038
Sub30,HC,conv,ksent.1,a,a.5,22.111474,548,1005,2109
Sub30,HC,conv,ksent.1,a,a.5,22.12712,562,1018,2230
Sub30,HC,conv,ksent.1,a,a.5,22.14254,551,1003,2303
Sub30,HC,conv,ksent.1,a,a.5,22.157778,541,983,2291
Sub30,HC,conv,ksent.1,a,a.5,22.175057,540,979,0
Sub30,HC,conv,ksent.1,a,a.5,22.194286,543,1007,0
Sub30,HC,conv,ksent.1,a,a.5,22.202993,646,1023,2286
Sub30,HC,conv,ksent.1,a,a.5,22.214059,638,1025,2257
Sub30,HC,conv,ksent.1,a,a.5,22.219229,663,1045,2287
Sub30,HC,conv,ksent.1,a,a.5,22.230385,586,978,2168
Sub30,HC,conv,ksent.1,a,a.5,22.246848,512,851,2132
Sub30,HC,conv,bsent.2,ai,ai.2,23.592744,594,1149,2453
Sub30,HC,conv,bsent.2,ai,ai.2,23.604082,618,1201,2515
Sub30,HC,conv,bsent.2,ai,ai.2,23.61542,645,1230,2534
Sub30,HC,conv,bsent.2,ai,ai.2,23.626939,666,1261,2537
Sub30,HC,conv,bsent.2,ai,ai.2,23.638639,676,1295,2489
Sub30,HC,conv,bsent.2,ai,ai.2,23.65034,681,1325,2417
Sub30,HC,conv,bsent.2,ai,ai.2,23.662177,680,1402,2293
Sub30,HC,conv,bsent.2,ai,ai.2,23.673379,652,1488,2335
Sub30,HC,conv,bsent.2,ai,ai.2,23.684308,637,1561,3808
Sub30,HC,conv,bsent.2,ai,ai.2,23.695102,608,1605,2449
Sub30,HC,conv,bsent.2,ai,ai.2,23.705941,567,1580,3798
Sub30,HC,conv,bsent.2,ai,ai.2,23.716599,536,1541,3886
Sub30,HC,conv,bsent.2,ai,ai.2,23.727029,468,1355,2401
Sub30,HC,conv,bsent.2,ai,ai.2,23.737098,519,0,0
Sub30,HC,conv,bsent.2,a,a.6,23.847211,562,1219,2545
Sub30,HC,conv,bsent.2,a,a.6,23.859637,598,1207,2494
Sub30,HC,conv,bsent.2,a,a.6,23.870794,591,1222,2558
Sub30,HC,conv,bsent.2,a,a.6,23.881995,605,1218,2574
Sub30,HC,conv,bsent.2,a,a.6,23.893424,605,1212,2537
Sub30,HC,conv,bsent.2,a,a.6,23.904671,595,1205,2529
Sub30,HC,conv,bsent.2,a,a.6,23.915964,581,1198,3408
Sub30,HC,conv,bsent.2,a,a.6,23.927029,550,1141,2479
Sub30,HC,conv,bsent.2,a,a.6,23.946395,0,0,0
Sub30,HC,conv,bsent.2,i,i.4,24.010703,366,1789,2254
Sub30,HC,conv,bsent.2,i,i.4,24.021315,356,1940,2387
Sub30,HC,conv,bsent.2,i,i.4,24.03229,363,1995,3637
Sub30,HC,conv,bsent.2,i,i.4,24.043311,355,2017,3651
Sub30,HC,conv,bsent.2,i,i.4,24.054104,359,2059,3665
Sub30,HC,conv,bsent.2,i,i.4,24.065079,356,2051,3687
Sub30,HC,conv,bsent.2,i,i.4,24.07551,355,2091,3672
Sub30,HC,conv,bsent.2,i,i.4,24.086213,353,2054,2651
Sub30,HC,conv,bsent.2,i,i.4,24.096281,358,2033,2365
Sub30,HC,conv,bsent.2,i,i.4,24.10644,365,2030,2425
Sub30,HC,conv,bsent.2,i,i.4,24.116463,370,2020,2438
Sub30,HC,conv,bsent.2,i,i.4,24.126349,373,2037,2473
Sub30,HC,conv,bsent.2,i,i.4,24.136281,365,2015,2455
Sub30,HC,conv,bsent.2,i,i.4,24.145986,363,2014,2345
Sub30,HC,conv,bsent.2,i,i.4,24.155737,358,2001,2350
Sub30,HC,conv,bsent.2,i,i.4,24.165578,352,1906,2251
Sub30,HC,conv,bsent.2,i,i.4,24.175193,334,1468,2180
Sub30,HC,conv,bsent.2,v,v.2,24.289932,601,1240,2363
Sub30,HC,conv,bsent.2,v,v.2,24.297098,605,1237,2384
Sub30,HC,conv,bsent.2,v,v.2,24.304308,614,1256,2350
Sub30,HC,conv,bsent.2,v,v.2,24.311701,647,1252,2337
Sub30,HC,conv,bsent.2,v,v.2,24.318866,654,1239,2322
Sub30,HC,conv,bsent.2,v,v.2,24.325941,658,1229,2309
Sub30,HC,conv,bsent.2,v,v.2,24.331927,657,1229,2307
Sub30,HC,conv,bsent.2,v,v.2,24.338639,651,1221,2302
Sub30,HC,conv,bsent.2,v,v.2,24.344263,655,1223,2350
Sub30,HC,conv,bsent.2,v,v.2,24.350612,615,1215,2411
Sub30,HC,conv,bsent.2,v,v.2,24.35873,601,1231,2462
Sub30,HC,conv,bsent.2,v,v.2,24.3639,610,1187,0
Sub30,HC,conv,bsent.2,v,v.2,24.369615,580,878,0
Sub30,HC,conv,bsent.2,i,i.5,24.447891,0,0,0
Sub30,HC,conv,bsent.2,i,i.5,24.455782,0,0,0
Sub30,HC,conv,bsent.2,i,i.5,24.46254,369,1960,3734
Sub30,HC,conv,bsent.2,i,i.5,24.471882,344,2035,3757
Sub30,HC,conv,bsent.2,i,i.5,24.484218,341,2078,3775
Sub30,HC,conv,bsent.2,i,i.5,24.497188,327,2099,3826
Sub30,HC,conv,bsent.2,i,i.5,24.513469,367,2099,3774
Sub30,HC,conv,bsent.2,i,i.5,24.535918,347,2067,3617
Sub30,HC,conv,bsent.2,i,i.5,24.559184,415,2035,2606
Sub30,HC,conv,bsent.2,i,i.5,24.569977,262,2003,2545
Sub30,HC,conv,bsent.2,i,i.5,24.579819,446,1992,3718
Sub30,HC,conv,bsent.2,i,i.5,24.589524,1054,1970,3665
Sub30,HC,conv,tsent.2,ae,ae.2,25.668617,396,0,0
Sub30,HC,conv,tsent.2,ae,ae.2,25.678005,432,1487,2395
Sub30,HC,conv,tsent.2,ae,ae.2,25.688345,477,1555,2403
Sub30,HC,conv,tsent.2,ae,ae.2,25.698141,498,1582,2321
Sub30,HC,conv,tsent.2,ae,ae.2,25.708209,531,1601,2322
Sub30,HC,conv,tsent.2,ae,ae.2,25.718458,553,1611,2310
Sub30,HC,conv,tsent.2,ae,ae.2,25.728617,572,1611,2295
Sub30,HC,conv,tsent.2,ae,ae.2,25.738866,592,1606,2297
Sub30,HC,conv,tsent.2,ae,ae.2,25.74907,596,1574,2305
Sub30,HC,conv,tsent.2,ae,ae.2,25.759093,599,1566,2296
Sub30,HC,conv,tsent.2,ae,ae.2,25.76898,596,1552,2289
Sub30,HC,conv,tsent.2,ae,ae.2,25.778776,580,1542,2299
Sub30,HC,conv,tsent.2,ae,ae.2,25.788798,528,1485,2297
Sub30,HC,conv,tsent.2,ae,ae.2,25.798503,454,1386,2273
Sub30,HC,conv,tsent.2,ae,ae.2,25.808254,402,1168,2410
Sub30,HC,conv,tsent.2,ae,ae.2,25.818277,323,1016,2485
Sub30,HC,conv,tsent.2,ae,ae.2,25.828844,290,846,2287
Sub30,HC,conv,ksent.2,a,a.7,27.419138,572,1438,2430
Sub30,HC,conv,ksent.2,a,a.7,27.428571,588,1428,2383
Sub30,HC,conv,ksent.2,a,a.7,27.438776,616,1410,2368
Sub30,HC,conv,ksent.2,a,a.7,27.449297,635,1397,2349
Sub30,HC,conv,ksent.2,a,a.7,27.459728,629,1417,2320
Sub30,HC,conv,ksent.2,a,a.7,27.470159,611,1457,2333
Sub30,HC,conv,ksent.2,a,a.7,27.480907,569,1472,2401
Sub30,HC,conv,ksent.2,a,a.7,27.491519,477,1382,2402
Sub30,HC,conv,ksent.2,o,o.2,27.726531,426,1140,1999
Sub30,HC,conv,ksent.2,o,o.2,27.7361,432,1078,1980
Sub30,HC,conv,ksent.2,o,o.2,27.746848,437,1063,1990
Sub30,HC,conv,ksent.2,o,o.2,27.757823,445,1050,2168
Sub30,HC,conv,ksent.2,o,o.2,27.769025,461,960,2244
Sub30,HC,conv,ksent.2,o,o.2,27.780091,418,928,2302
Sub30,HC,conv,ksent.2,o,o.2,27.791927,377,851,2316
Sub30,HC,conv,ksent.2,o,o.2,27.8039,358,837,2358
Sub30,HC,conv,ksent.2,o,o.2,27.814059,385,2217,3484
Sub30,HC,conv,ksent.2,a,a.8,28.067982,464,0,0
Sub30,HC,conv,ksent.2,a,a.8,28.074422,479,1158,1788
Sub30,HC,conv,ksent.2,a,a.8,28.086803,517,1143,1868
Sub30,HC,conv,ksent.2,a,a.8,28.100227,546,1131,1980
Sub30,HC,conv,ksent.2,a,a.8,28.116372,573,1167,2120
Sub30,HC,conv,ksent.2,a,a.8,28.123356,587,1165,2221
Sub30,HC,conv,ksent.2,a,a.8,28.136825,584,1142,2299
Sub30,HC,conv,ksent.2,a,a.8,28.143991,596,1129,2335
Sub30,HC,conv,ksent.2,a,a.8,28.157324,606,1096,2368
Sub30,HC,conv,ksent.2,a,a.8,28.164036,603,1065,2360
Sub30,HC,conv,ksent.2,a,a.8,28.175374,598,1055,2278
Sub30,HC,conv,ksent.2,a,a.8,28.198095,606,1066,0
Sub30,HC,conv,ksent.2,a,a.8,28.205351,630,1066,0
Sub30,HC,conv,ksent.2,a,a.8,28.213107,608,1066,0
Sub30,HC,conv,ksent.2,a,a.8,28.221315,609,1066,0
Sub30,HC,conv,ksent.2,a,a.8,28.230023,601,1077,0
Sub30,HC,conv,ksent.2,a,a.8,28.239909,624,1066,0
Sub30,HC,conv,ksent.2,a,a.8,28.249705,633,1023,0
Sub30,HC,conv,ksent.2,a,a.8,28.263265,466,1001,0
Sub30,HC,conv,ksent.2,a,a.8,28.274785,371,2261,3167
Sub30,HC,conv,bsent.3,ai,ai.3,29.193787,591,1131,2490
Sub30,HC,conv,bsent.3,ai,ai.3,29.203492,615,1162,2562
Sub30,HC,conv,bsent.3,ai,ai.3,29.214512,632,1173,2582
Sub30,HC,conv,bsent.3,ai,ai.3,29.225488,647,1199,2591
Sub30,HC,conv,bsent.3,ai,ai.3,29.236417,650,1219,2596
Sub30,HC,conv,bsent.3,ai,ai.3,29.24712,662,1235,2597
Sub30,HC,conv,bsent.3,ai,ai.3,29.258322,682,1245,2593
Sub30,HC,conv,bsent.3,ai,ai.3,29.268934,702,1255,2573
Sub30,HC,conv,bsent.3,ai,ai.3,29.279683,715,1267,2546
Sub30,HC,conv,bsent.3,ai,ai.3,29.290476,749,1305,2522
Sub30,HC,conv,bsent.3,ai,ai.3,29.300907,757,1383,2454
Sub30,HC,conv,bsent.3,ai,ai.3,29.311429,734,1460,2406
Sub30,HC,conv,bsent.3,ai,ai.3,29.321814,707,1544,2379
Sub30,HC,conv,bsent.3,ai,ai.3,29.332018,676,1640,2384
Sub30,HC,conv,bsent.3,ai,ai.3,29.341995,643,1746,2395
Sub30,HC,conv,bsent.3,ai,ai.3,29.352245,602,1783,2453
Sub30,HC,conv,bsent.3,ai,ai.3,29.361224,567,1795,2436
Sub30,HC,conv,bsent.3,ai,ai.3,29.371474,526,1752,2399
Sub30,HC,conv,bsent.3,ai,ai.3,29.379365,486,1658,2366
Sub30,HC,conv,bsent.3,ai,ai.3,29.390522,416,1451,2311
Sub30,HC,conv,bsent.3,ai,ai.3,29.397687,400,1398,2333
Sub30,HC,conv,bsent.3,a,a.9,29.502494,535,2461,3330
Sub30,HC,conv,bsent.3,a,a.9,29.511701,589,1187,2388
Sub30,HC,conv,bsent.3,a,a.9,29.522268,589,1203,2443
Sub30,HC,conv,bsent.3,a,a.9,29.533243,600,1217,2496
Sub30,HC,conv,bsent.3,a,a.9,29.544308,615,1229,2521
Sub30,HC,conv,bsent.3,a,a.9,29.555283,621,1227,2535
Sub30,HC,conv,bsent.3,a,a.9,29.566168,631,1227,2550
Sub30,HC,conv,bsent.3,a,a.9,29.577143,634,1232,2555
Sub30,HC,conv,bsent.3,a,a.9,29.588027,644,1228,2554
Sub30,HC,conv,bsent.3,a,a.9,29.598912,647,1231,2538
Sub30,HC,conv,bsent.3,a,a.9,29.610023,636,1241,2481
Sub30,HC,conv,bsent.3,a,a.9,29.621224,623,1242,2459
Sub30,HC,conv,bsent.3,a,a.9,29.632472,598,1232,2352
Sub30,HC,conv,bsent.3,i,i.6,29.715873,356,1863,2292
Sub30,HC,conv,bsent.3,i,i.6,29.726757,350,1932,2405
Sub30,HC,conv,bsent.3,i,i.6,29.737188,345,1974,2511
Sub30,HC,conv,bsent.3,i,i.6,29.747846,338,2001,2567
Sub30,HC,conv,bsent.3,i,i.6,29.758458,334,2046,2606
Sub30,HC,conv,bsent.3,i,i.6,29.76907,335,2012,2551
Sub30,HC,conv,bsent.3,i,i.6,29.779819,337,2091,3527
Sub30,HC,conv,bsent.3,i,i.6,29.790159,323,2098,2581
Sub30,HC,conv,bsent.3,i,i.6,29.800544,335,2107,2592
Sub30,HC,conv,bsent.3,i,i.6,29.810839,339,2103,3535
Sub30,HC,conv,bsent.3,i,i.6,29.820952,355,2063,2551
Sub30,HC,conv,bsent.3,v,v.3,30.03356,616,1151,2489
Sub30,HC,conv,bsent.3,v,v.3,30.04068,614,1185,2527
Sub30,HC,conv,bsent.3,v,v.3,30.048254,592,1184,2449
Sub30,HC,conv,bsent.3,v,v.3,30.055964,605,1203,2473
Sub30,HC,conv,bsent.3,v,v.3,30.063764,637,1183,2428
Sub30,HC,conv,bsent.3,v,v.3,30.070748,618,1216,3357
Sub30,HC,conv,bsent.3,v,v.3,30.082676,567,1166,2399
Sub30,HC,conv,bsent.3,v,v.3,30.100363,569,2530,0
Sub30,HC,conv,bsent.3,v,v.3,30.107574,474,0,0
Sub30,HC,conv,bsent.3,i,i.7,30.183401,0,0,0
Sub30,HC,conv,bsent.3,i,i.7,30.191293,0,0,0
Sub30,HC,conv,bsent.3,i,i.7,30.196961,378,2013,3699
Sub30,HC,conv,bsent.3,i,i.7,30.20449,370,2056,3681
Sub30,HC,conv,bsent.3,i,i.7,30.21941,366,2089,0
Sub30,HC,conv,bsent.3,i,i.7,30.21932,365,2110,3772
Sub30,HC,conv,bsent.3,i,i.7,30.230295,339,2132,3717
Sub30,HC,conv,bsent.3,i,i.7,30.249252,301,2153,0
Sub30,HC,conv,bsent.3,i,i.7,30.249841,328,2153,3786
Sub30,HC,conv,bsent.3,i,i.7,30.263175,335,2164,3738
Sub30,HC,conv,bsent.3,i,i.7,30.27424,315,2164,3745
Sub30,HC,conv,bsent.3,i,i.7,30.287619,304,2164,3720
Sub30,HC,conv,bsent.3,i,i.7,30.297143,299,2164,3680
Sub30,HC,conv,bsent.3,i,i.7,30.306757,143,2421,3837
Sub30,HC,conv,bsent.3,i,i.7,30.317007,889,2554,3677
Sub30,HC,conv,tsent.3,ae,ae.3,31.311837,505,1589,2321
Sub30,HC,conv,tsent.3,ae,ae.3,31.321995,540,1627,2305
Sub30,HC,conv,tsent.3,ae,ae.3,31.333016,555,1625,2288
Sub30,HC,conv,tsent.3,ae,ae.3,31.343356,563,1644,2273
Sub30,HC,conv,tsent.3,ae,ae.3,31.354331,574,1652,2256
Sub30,HC,conv,tsent.3,ae,ae.3,31.364807,576,1643,2248
Sub30,HC,conv,tsent.3,ae,ae.3,31.375057,586,1667,2260
Sub30,HC,conv,tsent.3,ae,ae.3,31.385624,582,1650,2246
Sub30,HC,conv,tsent.3,ae,ae.3,31.395238,594,1652,2237
Sub30,HC,conv,tsent.3,ae,ae.3,31.406213,590,1641,2233
Sub30,HC,conv,tsent.3,ae,ae.3,31.415828,594,1630,2254
Sub30,HC,conv,tsent.3,ae,ae.3,31.425941,574,1591,2249
Sub30,HC,conv,tsent.3,ae,ae.3,31.436417,533,1571,2275
Sub30,HC,conv,tsent.3,ae,ae.3,31.446485,486,0,2290
Sub30,HC,conv,ksent*,a,a.10,33.022177,511,1421,2481
Sub30,HC,conv,ksent*,a,a.10,33.031066,546,1454,2358
Sub30,HC,conv,ksent*,a,a.10,33.040952,575,1433,2384
Sub30,HC,conv,ksent*,a,a.10,33.05102,598,1382,2328
Sub30,HC,conv,ksent*,a,a.10,33.06127,605,1416,2300
Sub30,HC,conv,ksent*,a,a.10,33.071746,597,1466,2251
Sub30,HC,conv,ksent*,a,a.10,33.081995,570,1484,2225
Sub30,HC,conv,ksent*,a,a.10,33.09229,519,1424,2250
Sub30,HC,conv,ksent*,a,a.10,33.103175,520,1397,2274
Sub30,HC,conv,ksent*,o,o.3,33.369796,423,1134,2045
Sub30,HC,conv,ksent*,o,o.3,33.379728,428,1054,2113
Sub30,HC,conv,ksent*,o,o.3,33.39093,415,992,2178
Sub30,HC,conv,ksent*,o,o.3,33.402676,413,980,2262
Sub30,HC,conv,ksent*,o,o.3,33.414649,395,957,2320
Sub30,HC,conv,ksent*,o,o.3,33.426531,384,957,2352
Sub30,HC,conv,ksent*,o,o.3,33.439048,372,957,0
Sub30,HC,conv,ksent*,o,o.3,33.451202,348,0,0
Sub30,HC,conv,ksent*,a,a.11,34.014921,545,1002,1871
Sub30,HC,conv,ksent*,a,a.11,34.022948,557,1023,1872
Sub30,HC,conv,ksent*,a,a.11,34.030658,576,1044,1868
Sub30,HC,conv,ksent*,a,a.11,34.04381,589,1069,1990
Sub30,HC,conv,ksent*,a,a.11,34.068526,597,1026,2162
Sub30,HC,conv,ksent*,a,a.11,34.076009,594,981,2273
Sub30,HC,conv,ksent*,a,a.11,34.083356,598,973,2297
Sub30,HC,conv,ksent*,a,a.11,34.090703,608,989,2310
Sub30,HC,conv,ksent*,a,a.11,34.098186,601,985,2357
Sub30,HC,conv,ksent*,a,a.11,34.105714,602,992,2346
Sub30,HC,conv,ksent*,a,a.11,34.113152,643,1060,2413
Sub30,HC,conv,ksent*,a,a.11,34.120998,651,1073,2390
Sub30,HC,conv,ksent*,a,a.11,34.128707,664,1102,2416
Sub30,HC,conv,ksent*,a,a.11,34.137143,654,1092,2465
Sub30,HC,conv,ksent*,a,a.11,34.145488,655,1086,2456
Sub30,HC,conv,ksent*,a,a.11,34.155011,652,1064,2523
Sub30,HC,conv,ksent*,a,a.11,34.16381,582,982,2428
Sub30,HC,conv,ksent*,a,a.11,34.174785,583,982,2503
Sub30,HC,conv,ksent*,a,a.11,34.183946,575,985,2506
Sub30,HC,conv,ksent*,a,a.11,34.196916,569,1007,2488
Sub30,HC,conv,ksent*,a,a.11,34.20644,526,983,2410
Sub30,HC,conv,bsent.4,ai,ai.4,35.235828,653,1193,2554
Sub30,HC,conv,bsent.4,ai,ai.4,35.24712,649,1224,2579
Sub30,HC,conv,bsent.4,ai,ai.4,35.257551,678,1241,2572
Sub30,HC,conv,bsent.4,ai,ai.4,35.268027,698,1259,2556
Sub30,HC,conv,bsent.4,ai,ai.4,35.278912,721,1288,2375
Sub30,HC,conv,bsent.4,ai,ai.4,35.289433,721,1321,2388
Sub30,HC,conv,bsent.4,ai,ai.4,35.300272,717,1365,2345
Sub30,HC,conv,bsent.4,ai,ai.4,35.309977,685,1421,2362
Sub30,HC,conv,bsent.4,ai,ai.4,35.320227,673,1459,2383
Sub30,HC,conv,bsent.4,ai,ai.4,35.329977,638,1587,2477
Sub30,HC,conv,bsent.4,ai,ai.4,35.339728,618,1650,2504
Sub30,HC,conv,bsent.4,ai,ai.4,35.348345,581,1652,0
Sub30,HC,conv,bsent.4,ai,ai.4,35.357188,565,1612,0
Sub30,HC,conv,bsent.4,ai,ai.4,35.365624,495,1499,2359
Sub30,HC,conv,bsent.4,ai,ai.4,35.374603,463,1287,2332
Sub30,HC,conv,bsent.4,a,a.12,35.509025,552,1208,2567
Sub30,HC,conv,bsent.4,a,a.12,35.518912,569,1206,2565
Sub30,HC,conv,bsent.4,a,a.12,35.528435,576,1205,2590
Sub30,HC,conv,bsent.4,a,a.12,35.538685,555,1201,2631
Sub30,HC,conv,bsent.4,a,a.12,35.549478,560,1206,2623
Sub30,HC,conv,bsent.4,a,a.12,35.559637,566,1196,2613
Sub30,HC,conv,bsent.4,a,a.12,35.569932,550,1187,2599
Sub30,HC,conv,bsent.4,a,a.12,35.580408,538,1184,2576
Sub30,HC,conv,bsent.4,a,a.12,35.59102,512,1163,2564
Sub30,HC,conv,bsent.4,a,a.12,35.601678,469,1165,2508
Sub30,HC,conv,bsent.4,a,a.12,35.612018,517,1164,2717
Sub30,HC,conv,bsent.4,i,i.8,35.689524,347,1903,2415
Sub30,HC,conv,bsent.4,i,i.8,35.700091,347,1964,2513
Sub30,HC,conv,bsent.4,i,i.8,35.710522,336,2003,2583
Sub30,HC,conv,bsent.4,i,i.8,35.720952,328,2045,2629
Sub30,HC,conv,bsent.4,i,i.8,35.731383,326,2059,2621
Sub30,HC,conv,bsent.4,i,i.8,35.74195,336,2066,2627
Sub30,HC,conv,bsent.4,i,i.8,35.752562,345,2058,2617
Sub30,HC,conv,bsent.4,i,i.8,35.762857,347,2042,2598
Sub30,HC,conv,bsent.4,i,i.8,35.772925,360,2019,2561
Sub30,HC,conv,bsent.4,i,i.8,35.783129,375,1995,2558
Sub30,HC,conv,bsent.4,i,i.8,35.793016,386,1980,2544
Sub30,HC,conv,bsent.4,v,v.4,35.984671,637,1197,2424
Sub30,HC,conv,bsent.4,v,v.4,35.991927,645,1229,2442
Sub30,HC,conv,bsent.4,v,v.4,35.999637,606,1216,2417
Sub30,HC,conv,bsent.4,v,v.4,36.006621,620,1211,2462
Sub30,HC,conv,bsent.4,v,v.4,36.025578,604,1202,3312
Sub30,HC,conv,bsent.4,v,v.4,36.042404,597,1179,2368
Sub30,HC,conv,bsent.4,v,v.4,36.049841,657,1083,2462
Sub30,HC,conv,bsent.4,v,v.4,36.05873,459,1085,3016
Sub30,HC,conv,bsent.4,i,i.9,36.144127,393,1926,2523
Sub30,HC,conv,bsent.4,i,i.9,36.151474,386,1912,2508
Sub30,HC,conv,bsent.4,i,i.9,36.164036,372,2022,2548
Sub30,HC,conv,bsent.4,i,i.9,36.17873,361,2151,2601
Sub30,HC,conv,bsent.4,i,i.9,36.195556,346,2155,3641
Sub30,HC,conv,bsent.4,i,i.9,36.21356,371,2271,0
Sub30,HC,conv,bsent.4,i,i.9,36.231247,397,2446,3830
Sub30,HC,conv,bsent.4,i,i.9,36.258866,0,0,0
Sub30,HC,conv,tsent.4,ae,ae.4,37.710295,441,1481,2405
Sub30,HC,conv,tsent.4,ae,ae.4,37.720499,480,1544,2337
Sub30,HC,conv,tsent.4,ae,ae.4,37.73093,501,1608,2302
Sub30,HC,conv,tsent.4,ae,ae.4,37.74127,508,1677,2290
Sub30,HC,conv,tsent.4,ae,ae.4,37.751837,524,1712,2300
Sub30,HC,conv,tsent.4,ae,ae.4,37.762449,528,1750,2281
Sub30,HC,conv,tsent.4,ae,ae.4,37.773197,565,1768,2256
Sub30,HC,conv,tsent.4,ae,ae.4,37.783537,581,1775,2265
Sub30,HC,conv,tsent.4,ae,ae.4,37.79424,555,1771,2249
Sub30,HC,conv,tsent.4,ae,ae.4,37.804308,572,1758,2244
Sub30,HC,conv,tsent.4,ae,ae.4,37.814376,562,1723,2195
Sub30,HC,conv,tsent.4,ae,ae.4,37.824399,573,1673,2208
Sub30,HC,conv,tsent.4,ae,ae.4,37.834286,563,1633,2210
Sub30,HC,conv,tsent.4,ae,ae.4,37.844218,550,1584,2214
Sub30,HC,conv,tsent.4,ae,ae.4,37.853832,493,1481,2266
Sub30,HC,conv,tsent.4,ae,ae.4,37.863447,364,1219,2283
Sub30,HC,conv,tsent.4,ae,ae.4,37.873243,338,1114,2305
Sub30,HC,conv,tsent.4,ae,ae.4,37.883084,306,1186,2374
Sub30,HC,conv,ksent.3,a,a.13,39.511202,575,1542,2316
Sub30,HC,conv,ksent.3,a,a.13,39.520272,595,1549,2373
Sub30,HC,conv,ksent.3,a,a.13,39.529977,609,1548,2362
Sub30,HC,conv,ksent.3,a,a.13,39.539501,625,1565,2390
Sub30,HC,conv,ksent.3,a,a.13,39.549252,615,1591,2375
Sub30,HC,conv,ksent.3,a,a.13,39.558957,600,1609,2382
Sub30,HC,conv,ksent.3,a,a.13,39.568707,546,1591,2400
Sub30,HC,conv,ksent.3,a,a.13,39.578594,395,1478,2434
Sub30,HC,conv,ksent.3,o,o.4,39.83941,441,1148,2147
Sub30,HC,conv,ksent.3,o,o.4,39.848345,469,1089,2165
Sub30,HC,conv,ksent.3,o,o.4,39.858549,470,1073,2211
Sub30,HC,conv,ksent.3,o,o.4,39.869025,476,1042,2250
Sub30,HC,conv,ksent.3,o,o.4,39.879546,459,1023,2274
Sub30,HC,conv,ksent.3,o,o.4,39.890068,426,1006,2274
Sub30,HC,conv,ksent.3,o,o.4,39.900952,395,959,2266
Sub30,HC,conv,ksent.3,o,o.4,39.913061,397,1038,2623
Sub30,HC,conv,ksent.3,o,o.4,39.919138,380,1046,3738
Sub30,HC,conv,ksent.3,o,o.4,39.922948,357,3084,3928
Sub30,HC,conv,ksent.3,a,a.14,40.182268,483,1112,0
Sub30,HC,conv,ksent.3,a,a.14,40.189796,485,1109,1813
Sub30,HC,conv,ksent.3,a,a.14,40.211837,530,1119,1966
Sub30,HC,conv,ksent.3,a,a.14,40.219274,550,1109,2127
Sub30,HC,conv,ksent.3,a,a.14,40.233197,569,1073,2182
Sub30,HC,conv,ksent.3,a,a.14,40.240544,584,1050,2264
Sub30,HC,conv,ksent.3,a,a.14,40.247937,599,1054,2379
Sub30,HC,conv,ksent.3,a,a.14,40.255011,597,1076,2389
Sub30,HC,conv,ksent.3,a,a.14,40.262313,606,1091,2396
Sub30,HC,conv,ksent.3,a,a.14,40.269297,616,1097,2447
Sub30,HC,conv,ksent.3,a,a.14,40.276553,610,1100,2451
Sub30,HC,conv,ksent.3,a,a.14,40.284218,608,1115,2452
Sub30,HC,conv,ksent.3,a,a.14,40.292336,603,1117,2406
Sub30,HC,conv,ksent.3,a,a.14,40.299592,608,1117,2402
Sub30,HC,conv,ksent.3,a,a.14,40.307483,603,1102,2424
Sub30,HC,conv,ksent.3,a,a.14,40.315964,586,1086,2380
Sub30,HC,conv,ksent.3,a,a.14,40.324626,576,1079,2406
Sub30,HC,conv,ksent.3,a,a.14,40.33356,566,1059,2414
Sub30,HC,conv,ksent.3,a,a.14,40.343356,546,1065,2469
Sub30,HC,conv,ksent.3,a,a.14,40.353333,516,1061,2481
Sub30,HC,conv,ksent.3,a,a.14,40.364127,472,1052,2492
Sub30,HC,conv,ksent.3,a,a.14,40.375601,425,1022,0
Sub30,HC,conv,ksent.3,a,a.14,40.386576,349,987,0
Sub30,HC,conv,ksent.3,a,a.14,40.398821,380,0,0
Sub30,HC,moreClear,bsent,ai,ai,45.677098,676,1192,2586
Sub30,HC,moreClear,bsent,ai,ai,45.687166,701,1218,2643
Sub30,HC,moreClear,bsent,ai,ai,45.69746,716,1246,2681
Sub30,HC,moreClear,bsent,ai,ai,45.707528,726,1286,2643
Sub30,HC,moreClear,bsent,ai,ai,45.718141,732,1294,2645
Sub30,HC,moreClear,bsent,ai,ai,45.727891,733,1304,2652
Sub30,HC,moreClear,bsent,ai,ai,45.737052,734,1309,2656
Sub30,HC,moreClear,bsent,ai,ai,45.746213,731,1311,2672
Sub30,HC,moreClear,bsent,ai,ai,45.755601,723,1278,2707
Sub30,HC,moreClear,bsent,ai,ai,45.764898,723,1274,2706
Sub30,HC,moreClear,bsent,ai,ai,45.774059,721,1274,2701
Sub30,HC,moreClear,bsent,ai,ai,45.783175,720,1277,2694
Sub30,HC,moreClear,bsent,ai,ai,45.792063,727,1281,2677
Sub30,HC,moreClear,bsent,ai,ai,45.800952,729,1287,2655
Sub30,HC,moreClear,bsent,ai,ai,45.810295,724,1297,2625
Sub30,HC,moreClear,bsent,ai,ai,45.818957,725,1311,2582
Sub30,HC,moreClear,bsent,ai,ai,45.827438,718,1333,2538
Sub30,HC,moreClear,bsent,ai,ai,45.835737,715,1364,2500
Sub30,HC,moreClear,bsent,ai,ai,45.843855,727,1433,2375
Sub30,HC,moreClear,bsent,ai,ai,45.851746,720,1463,2323
Sub30,HC,moreClear,bsent,ai,ai,45.859546,707,1499,2258
Sub30,HC,moreClear,bsent,ai,ai,45.867347,682,1534,2217
Sub30,HC,moreClear,bsent,ai,ai,45.875147,647,1556,2170
Sub30,HC,moreClear,bsent,ai,ai,45.883039,608,1587,2185
Sub30,HC,moreClear,bsent,ai,ai,45.891111,562,1527,2247
Sub30,HC,moreClear,bsent,ai,ai,45.899637,518,1477,2271
Sub30,HC,moreClear,bsent,ai,ai,45.908435,446,1432,2240
Sub30,HC,moreClear,bsent,ai,ai,45.917052,391,1437,2375
Sub30,HC,moreClear,bsent,a,a,46.036508,542,1100,2602
Sub30,HC,moreClear,bsent,a,a,46.048254,583,1114,2613
Sub30,HC,moreClear,bsent,a,a,46.058776,600,1093,2598
Sub30,HC,moreClear,bsent,a,a,46.069977,590,1151,2660
Sub30,HC,moreClear,bsent,a,a,46.081451,580,1160,2683
Sub30,HC,moreClear,bsent,a,a,46.092789,587,1174,2630
Sub30,HC,moreClear,bsent,a,a,46.104807,584,1164,2638
Sub30,HC,moreClear,bsent,a,a,46.116599,555,1164,2580
Sub30,HC,moreClear,bsent,a,a,46.128798,428,1059,2488
Sub30,HC,moreClear,bsent,i,i,46.203084,342,1835,2392
Sub30,HC,moreClear,bsent,i,i,46.215057,340,1939,2496
Sub30,HC,moreClear,bsent,i,i,46.227211,333,2057,3598
Sub30,HC,moreClear,bsent,i,i,46.239274,328,2093,3589
Sub30,HC,moreClear,bsent,i,i,46.251791,318,2085,2595
Sub30,HC,moreClear,bsent,i,i,46.2639,351,2101,2532
Sub30,HC,moreClear,bsent,i,i,46.276825,356,2092,2566
Sub30,HC,moreClear,bsent,i,i,46.289615,376,2057,2539
Sub30,HC,moreClear,bsent,i,i,46.302676,360,2053,2628
Sub30,HC,moreClear,bsent,i,i,46.3161,352,2059,2642
Sub30,HC,moreClear,bsent,i,i,46.329524,339,2090,2621
Sub30,HC,moreClear,bsent,i,i,46.3439,327,2090,2603
Sub30,HC,moreClear,bsent,i,i,46.367075,0,0,0
Sub30,HC,moreClear,bsent,i,i,46.367937,314,2093,3151
Sub30,HC,moreClear,bsent,v,v,46.474694,483,1324,2475
Sub30,HC,moreClear,bsent,v,v,46.490476,561,1182,2585
Sub30,HC,moreClear,bsent,v,v,46.501179,578,1156,2596
Sub30,HC,moreClear,bsent,v,v,46.513243,582,1121,2570
Sub30,HC,moreClear,bsent,v,v,46.526712,602,1137,2526
Sub30,HC,moreClear,bsent,v,v,46.542313,613,1131,2449
Sub30,HC,moreClear,bsent,v,v,46.551111,586,1153,2388
Sub30,HC,moreClear,bsent,v,v,46.556145,541,1124,2398
Sub30,HC,moreClear,bsent,i,i.1,46.615147,0,0,0
Sub30,HC,moreClear,bsent,i,i.1,46.623039,0,0,0
Sub30,HC,moreClear,bsent,i,i.1,46.63093,323,1938,0
Sub30,HC,moreClear,bsent,i,i.1,46.638821,355,1949,0
Sub30,HC,moreClear,bsent,i,i.1,46.636281,367,1960,2304
Sub30,HC,moreClear,bsent,i,i.1,46.643991,372,1970,2510
Sub30,HC,moreClear,bsent,i,i.1,46.659048,377,1970,0
Sub30,HC,moreClear,bsent,i,i.1,46.663175,386,1992,3504
Sub30,HC,moreClear,bsent,i,i.1,46.679683,445,1981,3519
Sub30,HC,moreClear,bsent,i,i.1,46.699637,404,2003,3610
Sub30,HC,moreClear,bsent,i,i.1,46.70966,434,2003,3436
Sub30,HC,moreClear,bsent,i,i.1,46.718095,285,2013,3523
Sub30,HC,moreClear,tsent,ae,ae,49.496916,445,1567,2430
Sub30,HC,moreClear,tsent,ae,ae,49.506893,482,1626,2371
Sub30,HC,moreClear,tsent,ae,ae,49.517234,534,1685,2348
Sub30,HC,moreClear,tsent,ae,ae,49.5278,548,1733,2359
Sub30,HC,moreClear,tsent,ae,ae,49.538685,558,1760,2342
Sub30,HC,moreClear,tsent,ae,ae,49.54966,557,1768,2326
Sub30,HC,moreClear,tsent,ae,ae,49.560544,558,1770,2303
Sub30,HC,moreClear,tsent,ae,ae,49.571701,561,1764,2322
Sub30,HC,moreClear,tsent,ae,ae,49.582721,557,1732,2311
Sub30,HC,moreClear,tsent,ae,ae,49.59356,555,1679,2293
Sub30,HC,moreClear,tsent,ae,ae,49.604218,551,1631,2291
Sub30,HC,moreClear,tsent,ae,ae,49.614603,556,1597,2289
Sub30,HC,moreClear,tsent,ae,ae,49.624989,545,1583,2296
Sub30,HC,moreClear,tsent,ae,ae,49.634739,515,1487,2299
Sub30,HC,moreClear,tsent,ae,ae,49.644172,363,1389,3883
Sub30,HC,moreClear,ksent,a,a.1,51.700454,493,1717,2336
Sub30,HC,moreClear,ksent,a,a.1,51.710068,554,1644,2363
Sub30,HC,moreClear,ksent,a,a.1,51.719683,582,1591,2370
Sub30,HC,moreClear,ksent,a,a.1,51.729388,605,1558,2337
Sub30,HC,moreClear,ksent,a,a.1,51.739138,628,1569,2306
Sub30,HC,moreClear,ksent,a,a.1,51.749025,612,1589,2298
Sub30,HC,moreClear,ksent,a,a.1,51.758912,587,1615,2305
Sub30,HC,moreClear,ksent,a,a.1,51.768798,547,1581,2333
Sub30,HC,moreClear,ksent,a,a.1,51.778685,555,2350,3684
Sub30,HC,moreClear,ksent,o,o,51.991837,426,975,1985
Sub30,HC,moreClear,ksent,o,o,52.001905,440,1013,1996
Sub30,HC,moreClear,ksent,o,o,52.013107,420,996,2085
Sub30,HC,moreClear,ksent,o,o,52.024989,408,974,2171
Sub30,HC,moreClear,ksent,o,o,52.036825,390,974,2274
Sub30,HC,moreClear,ksent,o,o,52.048435,386,1090,2282
Sub30,HC,moreClear,ksent,o,o,52.060272,369,1191,0
Sub30,HC,moreClear,ksent,o,o,52.069433,310,0,0
Sub30,HC,moreClear,ksent,a,a.2,52.306122,460,1018,1834
Sub30,HC,moreClear,ksent,a,a.2,52.316735,505,1055,1876
Sub30,HC,moreClear,ksent,a,a.2,52.328027,523,1079,1919
Sub30,HC,moreClear,ksent,a,a.2,52.341723,548,1144,1974
Sub30,HC,moreClear,ksent,a,a.2,52.346712,556,1121,2095
Sub30,HC,moreClear,ksent,a,a.2,52.35415,561,1108,2192
Sub30,HC,moreClear,ksent,a,a.2,52.366531,574,1041,2286
Sub30,HC,moreClear,ksent,a,a.2,52.381088,584,1059,2358
Sub30,HC,moreClear,ksent,a,a.2,52.396553,591,1043,2393
Sub30,HC,moreClear,ksent,a,a.2,52.413741,575,962,2504
Sub30,HC,moreClear,ksent,a,a.2,52.441088,538,926,0
Sub30,HC,moreClear,ksent,a,a.2,52.443855,531,921,2312
Sub30,HC,moreClear,ksent,a,a.2,52.456735,569,963,2338
Sub30,HC,moreClear,ksent,a,a.2,52.472154,570,960,2380
Sub30,HC,moreClear,ksent,a,a.2,52.484036,545,1002,2389
Sub30,HC,moreClear,ksent,a,a.2,52.503447,487,1080,2508
Sub30,HC,moreClear,bsent.1,ai,ai.1,53.700907,595,1060,2456
Sub30,HC,moreClear,bsent.1,ai,ai.1,53.710522,647,1137,2524
Sub30,HC,moreClear,bsent.1,ai,ai.1,53.720227,685,1173,2558
Sub30,HC,moreClear,bsent.1,ai,ai.1,53.729887,705,1199,2585
Sub30,HC,moreClear,bsent.1,ai,ai.1,53.739365,723,1227,2603
Sub30,HC,moreClear,bsent.1,ai,ai.1,53.748753,741,1236,2601
Sub30,HC,moreClear,bsent.1,ai,ai.1,53.758005,758,1241,2598
Sub30,HC,moreClear,bsent.1,ai,ai.1,53.766893,774,1251,2592
Sub30,HC,moreClear,bsent.1,ai,ai.1,53.775374,795,1293,2567
Sub30,HC,moreClear,bsent.1,ai,ai.1,53.783628,792,1307,2569
Sub30,HC,moreClear,bsent.1,ai,ai.1,53.791882,803,1306,2562
Sub30,HC,moreClear,bsent.1,ai,ai.1,53.799773,813,1318,2534
Sub30,HC,moreClear,bsent.1,ai,ai.1,53.8078,816,1328,2488
Sub30,HC,moreClear,bsent.1,ai,ai.1,53.81542,805,1327,2484
Sub30,HC,moreClear,bsent.1,ai,ai.1,53.823401,823,1349,2406
Sub30,HC,moreClear,bsent.1,ai,ai.1,53.830023,837,1381,2286
Sub30,HC,moreClear,bsent.1,ai,ai.1,53.83737,817,1437,2254
Sub30,HC,moreClear,bsent.1,ai,ai.1,53.842494,794,1487,2374
Sub30,HC,moreClear,bsent.1,ai,ai.1,53.855828,761,1627,2307
Sub30,HC,moreClear,bsent.1,ai,ai.1,53.869615,663,1730,2287
Sub30,HC,moreClear,bsent.1,ai,ai.1,53.885442,602,1845,2481
Sub30,HC,moreClear,bsent.1,ai,ai.1,53.893605,538,1816,2516
Sub30,HC,moreClear,bsent.1,ai,ai.1,53.901224,478,1811,2666
Sub30,HC,moreClear,bsent.1,ai,ai.1,53.909751,387,1701,2426
Sub30,HC,moreClear,bsent.1,a,a.3,54.026395,530,1191,2451
Sub30,HC,moreClear,bsent.1,a,a.3,54.03619,563,1190,2486
Sub30,HC,moreClear,bsent.1,a,a.3,54.046485,563,1189,2485
Sub30,HC,moreClear,bsent.1,a,a.3,54.057188,570,1198,2521
Sub30,HC,moreClear,bsent.1,a,a.3,54.068118,568,1206,2537
Sub30,HC,moreClear,bsent.1,a,a.3,54.079002,560,1203,2527
Sub30,HC,moreClear,bsent.1,a,a.3,54.089977,550,1201,2509
Sub30,HC,moreClear,bsent.1,a,a.3,54.101088,542,1195,2448
Sub30,HC,moreClear,bsent.1,a,a.3,54.112517,448,1133,2333
Sub30,HC,moreClear,bsent.1,i,i.2,54.193923,327,1972,2489
Sub30,HC,moreClear,bsent.1,i,i.2,54.204807,326,2047,2588
Sub30,HC,moreClear,bsent.1,i,i.2,54.215692,332,2079,2648
Sub30,HC,moreClear,bsent.1,i,i.2,54.226848,315,2109,2706
Sub30,HC,moreClear,bsent.1,i,i.2,54.238231,322,2132,2690
Sub30,HC,moreClear,bsent.1,i,i.2,54.249796,331,2142,2694
Sub30,HC,moreClear,bsent.1,i,i.2,54.261134,346,2127,2618
Sub30,HC,moreClear,bsent.1,i,i.2,54.272426,364,2103,2587
Sub30,HC,moreClear,bsent.1,i,i.2,54.283537,380,2004,2578
Sub30,HC,moreClear,bsent.1,v,v.1,54.500816,616,1255,2412
Sub30,HC,moreClear,bsent.1,v,v.1,54.507982,626,1244,2512
Sub30,HC,moreClear,bsent.1,v,v.1,54.515057,633,1248,2516
Sub30,HC,moreClear,bsent.1,v,v.1,54.522222,630,1190,2480
Sub30,HC,moreClear,bsent.1,v,v.1,54.529433,625,1175,2493
Sub30,HC,moreClear,bsent.1,v,v.1,54.53678,617,1161,2467
Sub30,HC,moreClear,bsent.1,v,v.1,54.544127,597,1085,2424
Sub30,HC,moreClear,bsent.1,v,v.1,54.551293,567,1207,2524
Sub30,HC,moreClear,bsent.1,i,i.3,54.642585,349,2017,2559
Sub30,HC,moreClear,bsent.1,i,i.3,54.652562,342,2083,2570
Sub30,HC,moreClear,bsent.1,i,i.3,54.664127,342,2118,2691
Sub30,HC,moreClear,bsent.1,i,i.3,54.676508,321,2128,2671
Sub30,HC,moreClear,bsent.1,i,i.3,54.689524,305,2138,2782
Sub30,HC,moreClear,bsent.1,i,i.3,54.704127,316,2176,2832
Sub30,HC,moreClear,bsent.1,i,i.3,54.714014,324,2221,2749
Sub30,HC,moreClear,bsent.1,i,i.3,54.727029,366,2121,2557
Sub30,HC,moreClear,bsent.1,i,i.3,54.737596,333,2393,3699
Sub30,HC,moreClear,bsent.1,i,i.3,54.747392,260,2614,3575
Sub30,HC,moreClear,tsent.1,ae,ae.1,56.05941,547,1613,2390
Sub30,HC,moreClear,tsent.1,ae,ae.1,56.069297,574,1671,2392
Sub30,HC,moreClear,tsent.1,ae,ae.1,56.079456,591,1698,2363
Sub30,HC,moreClear,tsent.1,ae,ae.1,56.089887,597,1700,2336
Sub30,HC,moreClear,tsent.1,ae,ae.1,56.100136,594,1670,2299
Sub30,HC,moreClear,tsent.1,ae,ae.1,56.110431,597,1651,2278
Sub30,HC,moreClear,tsent.1,ae,ae.1,56.120499,597,1622,2280
Sub30,HC,moreClear,tsent.1,ae,ae.1,56.130567,594,1600,2285
Sub30,HC,moreClear,tsent.1,ae,ae.1,56.140272,590,1580,2293
Sub30,HC,moreClear,tsent.1,ae,ae.1,56.149887,578,1591,2331
Sub30,HC,moreClear,tsent.1,ae,ae.1,56.159819,536,1603,2368
Sub30,HC,moreClear,tsent.1,ae,ae.1,56.168254,510,1618,2386
Sub30,HC,moreClear,tsent.1,ae,ae.1,56.17805,315,1906,2485
Sub30,HC,moreClear,ksent.1,a,a.4,58.073832,548,1490,2409
Sub30,HC,moreClear,ksent.1,a,a.4,58.083719,590,1498,2414
Sub30,HC,moreClear,ksent.1,a,a.4,58.093878,614,1497,2392
Sub30,HC,moreClear,ksent.1,a,a.4,58.104263,624,1499,2348
Sub30,HC,moreClear,ksent.1,a,a.4,58.11483,601,1538,2359
Sub30,HC,moreClear,ksent.1,a,a.4,58.125714,582,1553,2357
Sub30,HC,moreClear,ksent.1,a,a.4,58.136689,561,1497,2382
Sub30,HC,moreClear,bsent.2,ai,ai.2,60.029161,571,1064,2508
Sub30,HC,moreClear,bsent.2,ai,ai.2,60.037324,623,1133,2534
Sub30,HC,moreClear,bsent.2,ai,ai.2,60.047302,672,1177,2558
Sub30,HC,moreClear,bsent.2,ai,ai.2,60.057732,701,1227,2575
Sub30,HC,moreClear,bsent.2,ai,ai.2,60.068345,705,1268,2617
Sub30,HC,moreClear,bsent.2,ai,ai.2,60.07873,712,1280,2633
Sub30,HC,moreClear,bsent.2,ai,ai.2,60.08898,717,1278,2628
Sub30,HC,moreClear,bsent.2,ai,ai.2,60.099184,721,1283,2622
Sub30,HC,moreClear,bsent.2,ai,ai.2,60.109206,745,1301,2612
Sub30,HC,moreClear,bsent.2,ai,ai.2,60.119093,758,1308,2595
Sub30,HC,moreClear,bsent.2,ai,ai.2,60.128889,777,1327,2555
Sub30,HC,moreClear,bsent.2,ai,ai.2,60.13941,778,1308,2510
Sub30,HC,moreClear,bsent.2,ai,ai.2,60.149161,780,1309,2494
Sub30,HC,moreClear,bsent.2,ai,ai.2,60.157778,776,1306,2498
Sub30,HC,moreClear,bsent.2,ai,ai.2,60.168118,770,1302,2526
Sub30,HC,moreClear,bsent.2,ai,ai.2,60.176644,764,1302,2564
Sub30,HC,moreClear,bsent.2,ai,ai.2,60.186259,769,1284,2548
Sub30,HC,moreClear,bsent.2,ai,ai.2,60.193696,765,1292,2532
Sub30,HC,moreClear,bsent.2,ai,ai.2,60.203946,767,1296,2510
Sub30,HC,moreClear,bsent.2,ai,ai.2,60.210748,753,1319,2511
Sub30,HC,moreClear,bsent.2,ai,ai.2,60.220454,743,1356,2467
Sub30,HC,moreClear,bsent.2,ai,ai.2,60.227256,724,1402,2430
Sub30,HC,moreClear,bsent.2,ai,ai.2,60.236463,706,1447,2398
Sub30,HC,moreClear,bsent.2,ai,ai.2,60.243447,691,1517,2368
Sub30,HC,moreClear,bsent.2,ai,ai.2,60.2522,672,1603,2370
Sub30,HC,moreClear,bsent.2,ai,ai.2,60.26,659,1671,2360
Sub30,HC,moreClear,bsent.2,ai,ai.2,60.268345,630,1736,2399
Sub30,HC,moreClear,bsent.2,ai,ai.2,60.277098,572,1792,2434
Sub30,HC,moreClear,bsent.2,ai,ai.2,60.286077,519,1848,2467
Sub30,HC,moreClear,bsent.2,ai,ai.2,60.29551,462,1853,2488
Sub30,HC,moreClear,bsent.2,ai,ai.2,60.305351,394,1874,2428
Sub30,HC,moreClear,bsent.2,ai,ai.2,60.315964,331,1873,0
Sub30,HC,moreClear,bsent.2,a,a.5,60.431519,515,1152,2465
Sub30,HC,moreClear,bsent.2,a,a.5,60.440045,552,1180,2563
Sub30,HC,moreClear,bsent.2,a,a.5,60.450204,558,1189,2599
Sub30,HC,moreClear,bsent.2,a,a.5,60.460998,567,1193,2610
Sub30,HC,moreClear,bsent.2,a,a.5,60.472018,567,1189,2614
Sub30,HC,moreClear,bsent.2,a,a.5,60.482993,564,1185,2621
Sub30,HC,moreClear,bsent.2,a,a.5,60.494014,537,1167,2610
Sub30,HC,moreClear,bsent.2,a,a.5,60.505079,493,1167,2589
Sub30,HC,moreClear,bsent.2,a,a.5,60.516553,451,1147,2567
Sub30,HC,moreClear,bsent.2,a,a.5,60.525578,323,1054,2428
Sub30,HC,moreClear,bsent.2,i,i.4,60.608209,317,1976,3477
Sub30,HC,moreClear,bsent.2,i,i.4,60.619864,321,2071,3566
Sub30,HC,moreClear,bsent.2,i,i.4,60.631973,327,2117,3585
Sub30,HC,moreClear,bsent.2,i,i.4,60.643401,334,2157,3632
Sub30,HC,moreClear,bsent.2,i,i.4,60.655601,340,2168,3634
Sub30,HC,moreClear,bsent.2,i,i.4,60.667574,349,2159,3615
Sub30,HC,moreClear,bsent.2,i,i.4,60.679683,358,2126,3648
Sub30,HC,moreClear,bsent.2,i,i.4,60.691202,370,2085,3629
Sub30,HC,moreClear,bsent.2,i,i.4,60.702948,379,2056,3623
Sub30,HC,moreClear,bsent.2,v,v.2,60.958549,644,1212,2565
Sub30,HC,moreClear,bsent.2,v,v.2,60.96644,619,1196,2567
Sub30,HC,moreClear,bsent.2,v,v.2,60.974603,628,1229,2557
Sub30,HC,moreClear,bsent.2,v,v.2,60.982222,618,1161,2539
Sub30,HC,moreClear,bsent.2,v,v.2,60.997551,582,1047,2526
Sub30,HC,moreClear,bsent.2,v,v.2,61.002721,476,1056,2459
Sub30,HC,moreClear,bsent.2,i,i.5,61.111701,341,2121,2603
Sub30,HC,moreClear,bsent.2,i,i.5,61.121995,343,2099,2668
Sub30,HC,moreClear,bsent.2,i,i.5,61.134195,318,2121,2651
Sub30,HC,moreClear,bsent.2,i,i.5,61.155283,334,2110,0
Sub30,HC,moreClear,bsent.2,i,i.5,61.158776,323,2099,0
Sub30,HC,moreClear,bsent.2,i,i.5,61.162313,323,0,0
Sub30,HC,moreClear,bsent.2,i,i.5,61.173968,0,2132,0
Sub30,HC,moreClear,bsent.2,i,i.5,61.181859,0,0,0
Sub30,HC,moreClear,bsent.2,i,i.5,61.189751,0,0,0
Sub30,HC,moreClear,bsent.2,i,i.5,61.197642,0,0,0
Sub30,HC,moreClear,bsent.2,i,i.5,61.205578,304,2397,3654
Sub30,HC,moreClear,tsent.2,ae,ae.2,62.498957,0,0,0
Sub30,HC,moreClear,tsent.2,ae,ae.2,62.505669,429,1631,2447
Sub30,HC,moreClear,tsent.2,ae,ae.2,62.514739,486,1625,2411
Sub30,HC,moreClear,tsent.2,ae,ae.2,62.525034,516,1693,2386
Sub30,HC,moreClear,tsent.2,ae,ae.2,62.535737,564,1758,2473
Sub30,HC,moreClear,tsent.2,ae,ae.2,62.546803,565,1812,2523
Sub30,HC,moreClear,tsent.2,ae,ae.2,62.557596,562,1814,2518
Sub30,HC,moreClear,tsent.2,ae,ae.2,62.568617,561,1829,2383
Sub30,HC,moreClear,tsent.2,ae,ae.2,62.579184,568,1802,2378
Sub30,HC,moreClear,tsent.2,ae,ae.2,62.589615,586,1773,2313
Sub30,HC,moreClear,tsent.2,ae,ae.2,62.6,574,1718,2230
Sub30,HC,moreClear,tsent.2,ae,ae.2,62.610249,579,1683,2192
Sub30,HC,moreClear,tsent.2,ae,ae.2,62.620499,573,1654,2254
Sub30,HC,moreClear,tsent.2,ae,ae.2,62.630658,573,1648,2246
Sub30,HC,moreClear,tsent.2,ae,ae.2,62.640816,561,1607,2276
Sub30,HC,moreClear,tsent.2,ae,ae.2,62.651202,551,1662,2293
Sub30,HC,moreClear,tsent.2,ae,ae.2,62.660816,525,2369,3884
Sub30,HC,moreClear,ksent.2,a,a.6,64.41229,517,1471,2436
Sub30,HC,moreClear,ksent.2,a,a.6,64.420907,564,1464,2518
Sub30,HC,moreClear,ksent.2,a,a.6,64.432018,587,1475,2434
Sub30,HC,moreClear,ksent.2,a,a.6,64.44254,609,1464,2419
Sub30,HC,moreClear,ksent.2,a,a.6,64.453424,614,1492,2420
Sub30,HC,moreClear,ksent.2,a,a.6,64.464399,616,1528,2395
Sub30,HC,moreClear,ksent.2,a,a.6,64.475873,618,1573,2366
Sub30,HC,moreClear,ksent.2,a,a.6,64.486667,585,1574,2417
Sub30,HC,moreClear,ksent.2,a,a.6,64.50059,480,1538,2392
Sub30,HC,moreClear,ksent.2,a,a.6,64.505306,493,1377,2448
Sub30,HC,moreClear,ksent.2,a,a.6,64.509751,550,2334,3775
Sub30,HC,moreClear,ksent.2,o,o.1,64.759728,443,1001,2027
Sub30,HC,moreClear,ksent.2,o,o.1,64.769524,443,965,2062
Sub30,HC,moreClear,ksent.2,o,o.1,64.780091,464,965,2184
Sub30,HC,moreClear,ksent.2,o,o.1,64.790884,452,938,2240
Sub30,HC,moreClear,ksent.2,o,o.1,64.801723,446,928,0
Sub30,HC,moreClear,ksent.2,o,o.1,64.81288,425,847,2526
Sub30,HC,moreClear,ksent.2,o,o.1,64.823265,383,771,3883
Sub30,HC,moreClear,ksent.2,o,o.1,64.834694,453,2776,3934
Sub30,HC,moreClear,ksent.2,a,a.7,65.124172,435,963,0
Sub30,HC,moreClear,ksent.2,a,a.7,65.136916,473,968,0
Sub30,HC,moreClear,ksent.2,a,a.7,65.147982,518,976,0
Sub30,HC,moreClear,ksent.2,a,a.7,65.167075,538,969,0
Sub30,HC,moreClear,ksent.2,a,a.7,65.165125,574,991,1857
Sub30,HC,moreClear,ksent.2,a,a.7,65.173288,541,1007,1893
Sub30,HC,moreClear,ksent.2,a,a.7,65.188753,560,1001,0
Sub30,HC,moreClear,ksent.2,a,a.7,65.196644,560,1012,0
Sub30,HC,moreClear,ksent.2,a,a.7,65.194059,564,1007,2119
Sub30,HC,moreClear,ksent.2,a,a.7,65.217823,545,994,2255
Sub30,HC,moreClear,ksent.2,a,a.7,65.252789,538,1001,0
Sub30,HC,moreClear,bsent.3,ai,ai.3,66.393469,602,1017,2548
Sub30,HC,moreClear,bsent.3,ai,ai.3,66.403946,659,1130,2576
Sub30,HC,moreClear,bsent.3,ai,ai.3,66.413651,706,1177,2597
Sub30,HC,moreClear,bsent.3,ai,ai.3,66.423447,743,1226,2610
Sub30,HC,moreClear,bsent.3,ai,ai.3,66.433061,765,1241,2617
Sub30,HC,moreClear,bsent.3,ai,ai.3,66.442902,785,1251,2626
Sub30,HC,moreClear,bsent.3,ai,ai.3,66.452336,787,1264,2605
Sub30,HC,moreClear,bsent.3,ai,ai.3,66.461905,781,1270,2596
Sub30,HC,moreClear,bsent.3,ai,ai.3,66.471293,770,1276,2606
Sub30,HC,moreClear,bsent.3,ai,ai.3,66.48,767,1276,2600
Sub30,HC,moreClear,bsent.3,ai,ai.3,66.489841,761,1289,2624
Sub30,HC,moreClear,bsent.3,ai,ai.3,66.497007,771,1290,2656
Sub30,HC,moreClear,bsent.3,ai,ai.3,66.5078,758,1287,2668
Sub30,HC,moreClear,bsent.3,ai,ai.3,66.51424,771,1294,2688
Sub30,HC,moreClear,bsent.3,ai,ai.3,66.530748,750,1275,0
Sub30,HC,moreClear,bsent.3,ai,ai.3,66.540726,818,1314,0
Sub30,HC,moreClear,bsent.3,ai,ai.3,66.558549,861,1421,0
Sub30,HC,moreClear,bsent.3,ai,ai.3,66.562857,846,1483,2550
Sub30,HC,moreClear,bsent.3,ai,ai.3,66.569569,834,1555,2558
Sub30,HC,moreClear,bsent.3,ai,ai.3,66.577098,775,1643,2523
Sub30,HC,moreClear,bsent.3,ai,ai.3,66.5839,739,1697,2545
Sub30,HC,moreClear,bsent.3,ai,ai.3,66.591156,685,1737,2534
Sub30,HC,moreClear,bsent.3,ai,ai.3,66.598322,638,1775,2517
Sub30,HC,moreClear,bsent.3,ai,ai.3,66.605624,566,1797,2469
Sub30,HC,moreClear,bsent.3,ai,ai.3,66.613379,514,1828,2518
Sub30,HC,moreClear,bsent.3,ai,ai.3,66.621406,438,1789,2511
Sub30,HC,moreClear,bsent.3,ai,ai.3,66.629796,332,1621,2361
Sub30,HC,moreClear,bsent.3,ai,ai.3,66.638957,342,1464,2214
Sub30,HC,moreClear,bsent.3,a,a.8,66.758866,430,1022,2652
Sub30,HC,moreClear,bsent.3,a,a.8,66.769206,564,1117,2570
Sub30,HC,moreClear,bsent.3,a,a.8,66.779637,586,1142,2583
Sub30,HC,moreClear,bsent.3,a,a.8,66.789977,598,1156,2607
Sub30,HC,moreClear,bsent.3,a,a.8,66.800454,593,1165,2645
Sub30,HC,moreClear,bsent.3,a,a.8,66.811156,595,1178,2656
Sub30,HC,moreClear,bsent.3,a,a.8,66.821678,591,1183,2513
Sub30,HC,moreClear,bsent.3,a,a.8,66.8322,582,1183,2572
Sub30,HC,moreClear,bsent.3,a,a.8,66.842812,553,1185,2552
Sub30,HC,moreClear,bsent.3,a,a.8,66.853605,514,1077,2564
Sub30,HC,moreClear,bsent.3,a,a.8,66.865805,451,1167,0
Sub30,HC,moreClear,bsent.3,i,i.6,66.954376,321,1978,2422
Sub30,HC,moreClear,bsent.3,i,i.6,66.965079,327,2095,2607
Sub30,HC,moreClear,bsent.3,i,i.6,66.975692,311,2157,2693
Sub30,HC,moreClear,bsent.3,i,i.6,66.986304,312,2180,2755
Sub30,HC,moreClear,bsent.3,i,i.6,66.997188,304,2184,2766
Sub30,HC,moreClear,bsent.3,i,i.6,67.008345,285,2208,3657
Sub30,HC,moreClear,bsent.3,i,i.6,67.019864,304,2209,3598
Sub30,HC,moreClear,bsent.3,i,i.6,67.03161,323,2215,2741
Sub30,HC,moreClear,bsent.3,i,i.6,67.04322,344,2189,2710
Sub30,HC,moreClear,bsent.3,i,i.6,67.054331,362,2147,2635
Sub30,HC,moreClear,bsent.3,i,i.6,67.065306,389,2096,2612
Sub30,HC,moreClear,bsent.3,v,v.3,67.295828,638,1208,2573
Sub30,HC,moreClear,bsent.3,v,v.3,67.302993,641,1213,2569
Sub30,HC,moreClear,bsent.3,v,v.3,67.310431,630,1197,2472
Sub30,HC,moreClear,bsent.3,v,v.3,67.317959,618,1188,2524
Sub30,HC,moreClear,bsent.3,v,v.3,67.325714,620,1183,2526
Sub30,HC,moreClear,bsent.3,v,v.3,67.333605,591,1212,2538
Sub30,HC,moreClear,bsent.3,v,v.3,67.340499,647,1170,2519
Sub30,HC,moreClear,bsent.3,v,v.3,67.352789,597,1093,3150
Sub30,HC,moreClear,bsent.3,i,i.7,67.468435,338,2067,2567
Sub30,HC,moreClear,bsent.3,i,i.7,67.477778,337,2151,2575
Sub30,HC,moreClear,bsent.3,i,i.7,67.488118,341,2184,2566
Sub30,HC,moreClear,bsent.3,i,i.7,67.499592,336,2216,2573
Sub30,HC,moreClear,bsent.3,i,i.7,67.512925,332,2287,2701
Sub30,HC,moreClear,bsent.3,i,i.7,67.525986,289,2264,2818
Sub30,HC,moreClear,bsent.3,i,i.7,67.541633,341,2307,0
Sub30,HC,moreClear,bsent.3,i,i.7,67.551837,296,2327,2894
Sub30,HC,moreClear,bsent.3,i,i.7,67.560998,0,0,0
Sub30,HC,moreClear,tsent.3,ae,ae.3,68.801451,463,1634,2427
Sub30,HC,moreClear,tsent.3,ae,ae.3,68.812472,505,1699,2412
Sub30,HC,moreClear,tsent.3,ae,ae.3,68.822812,509,1746,2414
Sub30,HC,moreClear,tsent.3,ae,ae.3,68.833696,552,1807,2438
Sub30,HC,moreClear,tsent.3,ae,ae.3,68.844399,552,1835,2461
Sub30,HC,moreClear,tsent.3,ae,ae.3,68.855147,547,1854,2503
Sub30,HC,moreClear,tsent.3,ae,ae.3,68.86585,537,1876,2514
Sub30,HC,moreClear,tsent.3,ae,ae.3,68.876145,549,1876,2544
Sub30,HC,moreClear,tsent.3,ae,ae.3,68.886213,542,1879,2544
Sub30,HC,moreClear,tsent.3,ae,ae.3,68.896417,531,1882,2525
Sub30,HC,moreClear,tsent.3,ae,ae.3,68.906621,538,1885,2514
Sub30,HC,moreClear,tsent.3,ae,ae.3,68.916689,542,1890,2491
Sub30,HC,moreClear,tsent.3,ae,ae.3,68.926757,549,1876,2472
Sub30,HC,moreClear,tsent.3,ae,ae.3,68.936417,557,1845,2407
Sub30,HC,moreClear,tsent.3,ae,ae.3,68.945986,558,1810,2332
Sub30,HC,moreClear,tsent.3,ae,ae.3,68.955329,552,1705,2332
Sub30,HC,moreClear,tsent.3,ae,ae.3,68.964717,544,1593,2280
Sub30,HC,moreClear,tsent.3,ae,ae.3,68.97415,355,1312,2315
Sub30,HC,moreClear,bsent.4,ai,ai.4,72.609705,249,1043,2245
Sub30,HC,moreClear,bsent.4,ai,ai.4,72.620227,587,1006,2550
Sub30,HC,moreClear,bsent.4,ai,ai.4,72.630113,637,1108,2572
Sub30,HC,moreClear,bsent.4,ai,ai.4,72.64,690,1178,2579
Sub30,HC,moreClear,bsent.4,ai,ai.4,72.650068,714,1217,2601
Sub30,HC,moreClear,bsent.4,ai,ai.4,72.660045,734,1253,2603
Sub30,HC,moreClear,bsent.4,ai,ai.4,72.669478,742,1271,2592
Sub30,HC,moreClear,bsent.4,ai,ai.4,72.679002,737,1271,2588
Sub30,HC,moreClear,bsent.4,ai,ai.4,72.688707,726,1282,2604
Sub30,HC,moreClear,bsent.4,ai,ai.4,72.697687,709,1287,2588
Sub30,HC,moreClear,bsent.4,ai,ai.4,72.705669,690,1298,2579
Sub30,HC,moreClear,bsent.4,ai,ai.4,72.71415,685,1314,2583
Sub30,HC,moreClear,bsent.4,ai,ai.4,72.721587,689,1358,2587
Sub30,HC,moreClear,bsent.4,ai,ai.4,72.729977,679,1388,2555
Sub30,HC,moreClear,bsent.4,ai,ai.4,72.736871,693,1434,2532
Sub30,HC,moreClear,bsent.4,ai,ai.4,72.74449,695,1476,2544
Sub30,HC,moreClear,bsent.4,ai,ai.4,72.751383,698,1534,2546
Sub30,HC,moreClear,bsent.4,ai,ai.4,72.758912,701,1584,2517
Sub30,HC,moreClear,bsent.4,ai,ai.4,72.765533,692,1626,2486
Sub30,HC,moreClear,bsent.4,ai,ai.4,72.772834,687,1668,2454
Sub30,HC,moreClear,bsent.4,ai,ai.4,72.779546,678,1693,2471
Sub30,HC,moreClear,bsent.4,ai,ai.4,72.786803,661,1711,2472
Sub30,HC,moreClear,bsent.4,ai,ai.4,72.793605,641,1703,2401
Sub30,HC,moreClear,bsent.4,ai,ai.4,72.800771,623,1708,2364
Sub30,HC,moreClear,bsent.4,ai,ai.4,72.807937,588,1633,0
Sub30,HC,moreClear,bsent.4,ai,ai.4,72.815374,511,1461,0
Sub30,HC,moreClear,bsent.4,a,a.9,72.932472,563,1203,2517
Sub30,HC,moreClear,bsent.4,a,a.9,72.943764,605,1216,2533
Sub30,HC,moreClear,bsent.4,a,a.9,72.955102,599,1230,2567
Sub30,HC,moreClear,bsent.4,a,a.9,72.966667,618,1223,2580
Sub30,HC,moreClear,bsent.4,a,a.9,72.978095,612,1227,2573
Sub30,HC,moreClear,bsent.4,a,a.9,72.989524,609,1238,2558
Sub30,HC,moreClear,bsent.4,a,a.9,73.000952,599,1261,2536
Sub30,HC,moreClear,bsent.4,a,a.9,73.014104,563,1250,2474
Sub30,HC,moreClear,bsent.4,a,a.9,73.019093,487,1179,2523
Sub30,HC,moreClear,bsent.4,a,a.9,73.024943,496,1149,2363
Sub30,HC,moreClear,bsent.4,a,a.9,73.030748,293,1174,2462
Sub30,HC,moreClear,bsent.4,a,a.9,73.03288,571,0,0
Sub30,HC,moreClear,bsent.4,i,i.8,73.104036,342,1892,2383
Sub30,HC,moreClear,bsent.4,i,i.8,73.11551,335,2026,2575
Sub30,HC,moreClear,bsent.4,i,i.8,73.126621,330,2083,2625
Sub30,HC,moreClear,bsent.4,i,i.8,73.137506,330,2115,2680
Sub30,HC,moreClear,bsent.4,i,i.8,73.148617,332,2131,2723
Sub30,HC,moreClear,bsent.4,i,i.8,73.159909,336,2152,2717
Sub30,HC,moreClear,bsent.4,i,i.8,73.171202,341,2139,2685
Sub30,HC,moreClear,bsent.4,i,i.8,73.182313,360,2105,2678
Sub30,HC,moreClear,bsent.4,i,i.8,73.193243,389,2043,2626
Sub30,HC,moreClear,bsent.4,v,v.4,73.400635,591,1251,2595
Sub30,HC,moreClear,bsent.4,v,v.4,73.407982,639,1226,2424
Sub30,HC,moreClear,bsent.4,v,v.4,73.414966,628,1299,2519
Sub30,HC,moreClear,bsent.4,v,v.4,73.422086,639,1227,2538
Sub30,HC,moreClear,bsent.4,v,v.4,73.429524,642,1205,2555
Sub30,HC,moreClear,bsent.4,v,v.4,73.436599,639,1230,2511
Sub30,HC,moreClear,bsent.4,v,v.4,73.443855,641,1247,2476
Sub30,HC,moreClear,bsent.4,v,v.4,73.450567,652,1179,2457
Sub30,HC,moreClear,bsent.4,v,v.4,73.457914,613,1107,2462
Sub30,HC,moreClear,bsent.4,v,v.4,73.464717,563,1140,2399
Sub30,HC,moreClear,bsent.4,v,v.4,73.479093,0,0,0
Sub30,HC,moreClear,bsent.4,v,v.4,73.481134,268,1729,3594
Sub30,HC,moreClear,bsent.4,i,i.9,73.565896,0,0,0
Sub30,HC,moreClear,bsent.4,i,i.9,73.568027,351,1963,2595
Sub30,HC,moreClear,bsent.4,i,i.9,73.579184,343,2140,2601
Sub30,HC,moreClear,bsent.4,i,i.9,73.59093,339,2193,2601
Sub30,HC,moreClear,bsent.4,i,i.9,73.604671,328,2215,2695
Sub30,HC,moreClear,bsent.4,i,i.9,73.625533,304,2258,3862
Sub30,HC,moreClear,bsent.4,i,i.9,73.646848,355,2344,2899
Sub30,HC,moreClear,bsent.4,i,i.9,73.659501,360,2353,2895
Sub30,HC,moreClear,bsent.4,i,i.9,73.670385,0,0,0
Sub30,HC,moreClear,bsent.4,i,i.9,73.679546,311,2514,2785
Sub30,HC,moreClear,bsent.4,i,i.9,73.686168,0,2574,3527
Sub30,HC,moreClear,tsent.4,ae,ae.4,74.840317,420,1473,2431
Sub30,HC,moreClear,tsent.4,ae,ae.4,74.849796,486,1549,2494
Sub30,HC,moreClear,tsent.4,ae,ae.4,74.859773,519,1589,2415
Sub30,HC,moreClear,tsent.4,ae,ae.4,74.86966,543,1633,2393
Sub30,HC,moreClear,tsent.4,ae,ae.4,74.879546,567,1683,2410
Sub30,HC,moreClear,tsent.4,ae,ae.4,74.889569,578,1711,2394
Sub30,HC,moreClear,tsent.4,ae,ae.4,74.899683,585,1722,2401
Sub30,HC,moreClear,tsent.4,ae,ae.4,74.909569,593,1726,2408
Sub30,HC,moreClear,tsent.4,ae,ae.4,74.91941,596,1732,2413
Sub30,HC,moreClear,tsent.4,ae,ae.4,74.929116,597,1719,2407
Sub30,HC,moreClear,tsent.4,ae,ae.4,74.938821,595,1727,2425
Sub30,HC,moreClear,tsent.4,ae,ae.4,74.948481,595,1684,2342
Sub30,HC,moreClear,tsent.4,ae,ae.4,74.958005,596,1674,2274
Sub30,HC,moreClear,tsent.4,ae,ae.4,74.967483,594,1660,2270
Sub30,HC,moreClear,tsent.4,ae,ae.4,74.97678,580,1640,2239
Sub30,HC,moreClear,tsent.4,ae,ae.4,74.985941,563,1625,2199
Sub30,HC,moreClear,tsent.4,ae,ae.4,74.994649,558,1658,2255
Sub30,HC,moreClear,tsent.4,ae,ae.4,75.003628,554,1670,2284
Sub30,HC,moreClear,tsent.4,ae,ae.4,75.012698,541,1555,2279
Sub30,HC,moreClear,tsent.4,ae,ae.4,75.022132,385,2317,0
Sub30,HC,moreClear,tsent.4,ae,ae.4,75.030839,318,969,2333
Sub30,HC,moreClear,ksent.4,a,a.10,76.690522,579,1510,2458
Sub30,HC,moreClear,ksent.4,a,a.10,76.700091,595,1496,2437
Sub30,HC,moreClear,ksent.4,a,a.10,76.709841,633,1482,2416
Sub30,HC,moreClear,ksent.4,a,a.10,76.719864,646,1497,2353
Sub30,HC,moreClear,ksent.4,a,a.10,76.729977,655,1541,2357
Sub30,HC,moreClear,ksent.4,a,a.10,76.739773,652,1557,2323
Sub30,HC,moreClear,ksent.4,a,a.10,76.749569,642,1581,2363
Sub30,HC,moreClear,ksent.4,a,a.10,76.759592,617,1608,2347
Sub30,HC,moreClear,ksent.4,a,a.10,76.769705,552,1574,2376
Sub30,HC,moreClear,ksent.4,a,a.10,76.780227,563,1353,2248
Sub30,HC,moreClear,ksent.4,o,o.2,77.036871,454,1150,2066
Sub30,HC,moreClear,ksent.4,o,o.2,77.045125,480,1074,2032
Sub30,HC,moreClear,ksent.4,o,o.2,77.054422,510,1070,2025
Sub30,HC,moreClear,ksent.4,o,o.2,77.063946,519,1086,2072
Sub30,HC,moreClear,ksent.4,o,o.2,77.073379,516,1068,2174
Sub30,HC,moreClear,ksent.4,o,o.2,77.082902,497,1054,2570
Sub30,HC,moreClear,ksent.4,o,o.2,77.092608,454,1005,2416
Sub30,HC,moreClear,ksent.4,o,o.2,77.10254,412,1012,2520
Sub30,HC,moreClear,ksent.4,o,o.2,77.112608,373,974,2473
Sub30,HC,moreClear,ksent.4,a,a.11,77.379592,474,1001,0
Sub30,HC,moreClear,ksent.4,a,a.11,77.390975,495,1023,0
Sub30,HC,moreClear,ksent.4,a,a.11,77.401769,517,1034,0
Sub30,HC,moreClear,ksent.4,a,a.11,77.417234,538,1077,0
Sub30,HC,moreClear,ksent.4,a,a.11,77.429297,549,1087,0
Sub30,HC,moreClear,ksent.4,a,a.11,77.447075,581,1077,0
Sub30,HC,moreClear,ksent.4,a,a.11,77.473107,581,1055,0
Sub30,HC,moreClear,ksent.4,a,a.11,77.475011,581,1055,0
Sub30,HC,moreClear,ksent.4,a,a.11,77.477188,571,1055,0
Sub30,HC,moreClear,ksent.4,a,a.11,77.486893,549,1044,0
Sub30,HC,moreClear,ksent.4,a,a.11,77.494785,0,1044,0
Sub30,HC,moreClear,ksent.4,a,a.11,77.502676,0,0,0
Sub30,HC,moreClear,ksent.4,a,a.11,77.510567,0,0,0
Sub30,HC,lessClear,bsent,ai,ai,83.783673,317,1017,2335
Sub30,HC,lessClear,bsent,ai,ai,83.794286,544,994,2603
Sub30,HC,lessClear,bsent,ai,ai,83.80517,609,1101,2590
Sub30,HC,lessClear,bsent,ai,ai,83.815374,631,1176,2601
Sub30,HC,lessClear,bsent,ai,ai,83.825533,655,1243,2629
Sub30,HC,lessClear,bsent,ai,ai,83.835147,656,1281,2622
Sub30,HC,lessClear,bsent,ai,ai,83.844943,665,1349,2612
Sub30,HC,lessClear,bsent,ai,ai,83.854694,666,1430,2581
Sub30,HC,lessClear,bsent,ai,ai,83.864263,663,1506,2564
Sub30,HC,lessClear,bsent,ai,ai,83.873605,653,1580,2562
Sub30,HC,lessClear,bsent,ai,ai,83.882902,641,1606,2543
Sub30,HC,lessClear,bsent,ai,ai,83.8922,630,1635,2540
Sub30,HC,lessClear,bsent,ai,ai,83.900726,614,1656,2521
Sub30,HC,lessClear,bsent,ai,ai,83.909705,591,1767,2632
Sub30,HC,lessClear,bsent,ai,ai,83.918685,533,1897,2687
Sub30,HC,lessClear,bsent,ai,ai,83.928435,515,1927,2644
Sub30,HC,lessClear,bsent,ai,ai,83.937596,491,1924,2628
Sub30,HC,lessClear,bsent,ai,ai,83.946667,468,1941,2607
Sub30,HC,lessClear,bsent,ai,ai,83.955964,436,1964,2565
Sub30,HC,lessClear,bsent,ai,ai,83.965397,404,1905,2472
Sub30,HC,lessClear,bsent,ai,ai,83.974739,385,1861,2395
Sub30,HC,lessClear,bsent,ai,ai,83.9878,351,1511,2258
Sub30,HC,lessClear,bsent,a,a,84.172517,0,0,0
Sub30,HC,lessClear,bsent,a,a,84.181315,599,1280,2540
Sub30,HC,lessClear,bsent,a,a,84.192517,604,1202,2536
Sub30,HC,lessClear,bsent,a,a,84.202585,635,1226,2626
Sub30,HC,lessClear,bsent,a,a,84.212834,641,1250,2638
Sub30,HC,lessClear,bsent,a,a,84.222948,643,1246,2689
Sub30,HC,lessClear,bsent,a,a,84.232834,667,1243,2683
Sub30,HC,lessClear,bsent,a,a,84.242358,642,1251,2666
Sub30,HC,lessClear,bsent,a,a,84.252063,652,1277,2652
Sub30,HC,lessClear,bsent,a,a,84.262494,612,1220,2640
Sub30,HC,lessClear,bsent,a,a,84.27093,553,1149,2514
Sub30,HC,lessClear,bsent,a,a,84.279955,525,1193,3350
Sub30,HC,lessClear,bsent,i,i,84.344853,0,0,0
Sub30,HC,lessClear,bsent,i,i,84.352744,0,0,0
Sub30,HC,lessClear,bsent,i,i,84.35093,315,2007,2577
Sub30,HC,lessClear,bsent,i,i,84.369887,307,2085,2655
Sub30,HC,lessClear,bsent,i,i,84.396463,273,2077,2860
Sub30,HC,lessClear,bsent,i,i,84.407392,300,2103,2748
Sub30,HC,lessClear,bsent,i,i,84.416735,319,2084,2677
Sub30,HC,lessClear,bsent,i,i,84.42712,341,2070,2616
Sub30,HC,lessClear,bsent,i,i,84.43873,349,2075,2598
Sub30,HC,lessClear,bsent,i,i,84.450431,342,2099,2628
Sub30,HC,lessClear,bsent,v,v,84.653878,598,1277,2594
Sub30,HC,lessClear,bsent,v,v,84.663537,648,1274,2585
Sub30,HC,lessClear,bsent,v,v,84.673832,641,1255,2586
Sub30,HC,lessClear,bsent,v,v,84.693424,618,1283,2516
Sub30,HC,lessClear,bsent,v,v,84.701859,582,1294,2582
Sub30,HC,lessClear,bsent,v,v,84.714331,509,0,3198
Sub30,HC,lessClear,bsent,i,i.1,84.807166,0,0,0
Sub30,HC,lessClear,bsent,i,i.1,84.815057,0,0,0
Sub30,HC,lessClear,bsent,i,i.1,84.816916,283,1970,2432
Sub30,HC,lessClear,bsent,i,i.1,84.828662,334,1992,2519
Sub30,HC,lessClear,bsent,i,i.1,84.83737,334,2003,2546
Sub30,HC,lessClear,bsent,i,i.1,84.854694,334,2046,0
Sub30,HC,lessClear,bsent,i,i.1,84.862585,334,2056,0
Sub30,HC,lessClear,bsent,i,i.1,84.870476,334,2078,0
Sub30,HC,lessClear,bsent,i,i.1,84.878367,334,2099,0
Sub30,HC,lessClear,bsent,i,i.1,84.886259,334,2110,0
Sub30,HC,lessClear,bsent,i,i.1,84.89415,334,2121,0
Sub30,HC,lessClear,bsent,i,i.1,84.902041,345,2121,0
Sub30,HC,lessClear,bsent,i,i.1,84.909932,345,2121,0
Sub30,HC,lessClear,bsent,i,i.1,84.917823,355,2132,0
Sub30,HC,lessClear,bsent,i,i.1,84.925714,355,2143,0
Sub30,HC,lessClear,bsent,i,i.1,84.933605,366,2143,0
Sub30,HC,lessClear,bsent,i,i.1,84.941497,366,2153,0
Sub30,HC,lessClear,bsent,i,i.1,84.949388,355,2153,0
Sub30,HC,lessClear,bsent,i,i.1,84.957279,355,2153,0
Sub30,HC,lessClear,tsent,ae,ae,86.528345,570,1651,2473
Sub30,HC,lessClear,tsent,ae,ae,86.539683,592,1660,2479
Sub30,HC,lessClear,tsent,ae,ae,86.552109,565,1691,2377
Sub30,HC,lessClear,tsent,ae,ae,86.563356,598,1653,2543
Sub30,HC,lessClear,tsent,ae,ae,86.574739,593,1675,2487
Sub30,HC,lessClear,tsent,ae,ae,86.585896,582,1670,2394
Sub30,HC,lessClear,tsent,ae,ae,86.596961,580,1574,2470
Sub30,HC,lessClear,tsent,ae,ae,86.608163,576,1601,2498
Sub30,HC,lessClear,tsent,ae,ae,86.619138,585,1622,2472
Sub30,HC,lessClear,tsent,ae,ae,86.630113,568,1574,2369
Sub30,HC,lessClear,tsent,ae,ae,86.641406,591,1580,2593
Sub30,HC,lessClear,tsent,ae,ae,86.6522,528,1584,2504
Sub30,HC,lessClear,tsent,ae,ae,86.66322,415,2261,0
Sub30,HC,lessClear,ksent,a,a.1,88.498413,0,0,0
Sub30,HC,lessClear,ksent,a,a.1,88.502948,474,1389,0
Sub30,HC,lessClear,ksent,a,a.1,88.511383,572,1421,0
Sub30,HC,lessClear,ksent,a,a.1,88.522676,612,1443,0
Sub30,HC,lessClear,ksent,a,a.1,88.536961,621,1475,0
Sub30,HC,lessClear,ksent,a,a.1,88.544671,643,1497,0
Sub30,HC,lessClear,ksent,a,a.1,88.559637,635,1529,0
Sub30,HC,lessClear,ksent,a,a.1,88.564127,631,1602,0
Sub30,HC,lessClear,ksent,a,a.1,88.573696,569,1668,0
Sub30,HC,lessClear,ksent,a,a.1,88.582132,563,1644,0
Sub30,HC,lessClear,ksent,a,a.1,88.602449,605,1652,0
Sub30,HC,lessClear,ksent,o,o,88.760272,377,1184,0
Sub30,HC,lessClear,ksent,o,o,88.768163,398,1184,0
Sub30,HC,lessClear,ksent,o,o,88.776054,409,1184,0
Sub30,HC,lessClear,ksent,o,o,88.783946,409,1174,0
Sub30,HC,lessClear,ksent,o,o,88.791837,420,1152,0
Sub30,HC,lessClear,ksent,o,o,88.789796,435,1098,2187
Sub30,HC,lessClear,ksent,o,o,88.803129,410,1055,2180
Sub30,HC,lessClear,ksent,a,a.2,89.118549,0,0,0
Sub30,HC,lessClear,ksent,a,a.2,89.12127,865,0,0
Sub30,HC,lessClear,ksent,a,a.2,89.129705,435,1800,3036
Sub30,HC,lessClear,ksent,a,a.2,89.145533,517,1174,0
Sub30,HC,lessClear,ksent,a,a.2,89.169615,603,1184,0
Sub30,HC,lessClear,ksent,a,a.2,89.179501,641,1184,0
Sub30,HC,lessClear,ksent,a,a.2,89.186712,675,1184,0
Sub30,HC,lessClear,ksent,a,a.2,89.196054,624,1206,0
Sub30,HC,lessClear,ksent,a,a.2,89.213741,592,1206,0
Sub30,HC,lessClear,ksent,a,a.2,89.221905,592,1206,0
Sub30,HC,lessClear,ksent,a,a.2,89.23737,603,1206,0
Sub30,HC,lessClear,ksent,a,a.2,89.245261,581,1206,0
Sub30,HC,lessClear,ksent,a,a.2,89.253152,581,1206,0
Sub30,HC,lessClear,ksent,a,a.2,89.261043,571,1184,0
Sub30,HC,lessClear,ksent,a,a.2,89.268934,560,1174,0
Sub30,HC,lessClear,ksent,a,a.2,89.276825,560,1174,0
Sub30,HC,lessClear,ksent,a,a.2,89.284717,560,1163,0
Sub30,HC,lessClear,ksent,a,a.2,89.292608,560,1152,0
Sub30,HC,lessClear,ksent,a,a.2,89.300499,538,1141,0
Sub30,HC,lessClear,ksent,a,a.2,89.30839,528,1130,0
Sub30,HC,lessClear,ksent,a,a.2,89.316281,0,0,0
Sub30,HC,lessClear,ksent,a,a.2,89.324172,0,0,0
Sub30,HC,lessClear,ksent,a,a.2,89.332063,0,0,0
Sub30,HC,lessClear,ksent,a,a.2,89.339955,0,0,0
Sub30,HC,lessClear,ksent,a,a.2,89.347846,0,0,0
Sub30,HC,lessClear,ksent,a,a.2,89.355737,0,0,0
Sub30,HC,lessClear,bsent.1,ai,ai.1,90.440998,573,1094,2602
Sub30,HC,lessClear,bsent.1,ai,ai.1,90.44898,648,1192,2598
Sub30,HC,lessClear,bsent.1,ai,ai.1,90.464853,718,1255,2586
Sub30,HC,lessClear,bsent.1,ai,ai.1,90.474739,706,1331,2587
Sub30,HC,lessClear,bsent.1,ai,ai.1,90.489569,685,1382,2632
Sub30,HC,lessClear,bsent.1,ai,ai.1,90.506939,634,1518,2562
Sub30,HC,lessClear,bsent.1,ai,ai.1,90.525986,629,1582,2554
Sub30,HC,lessClear,bsent.1,ai,ai.1,90.533605,646,1576,2499
Sub30,HC,lessClear,bsent.1,ai,ai.1,90.543311,581,1579,2508
Sub30,HC,lessClear,bsent.1,ai,ai.1,90.550567,532,1588,2551
Sub30,HC,lessClear,bsent.1,ai,ai.1,90.559683,492,1583,2614
Sub30,HC,lessClear,bsent.1,ai,ai.1,90.568571,435,1503,2559
Sub30,HC,lessClear,bsent.1,ai,ai.1,90.572653,398,1478,0
Sub30,HC,lessClear,bsent.1,a,a.3,90.665125,517,1270,0
Sub30,HC,lessClear,bsent.1,a,a.3,90.673016,560,1270,0
Sub30,HC,lessClear,bsent.1,a,a.3,90.680907,581,1270,0
Sub30,HC,lessClear,bsent.1,a,a.3,90.688798,592,1281,0
Sub30,HC,lessClear,bsent.1,a,a.3,90.696689,592,1292,0
Sub30,HC,lessClear,bsent.1,a,a.3,90.70458,603,1303,0
Sub30,HC,lessClear,bsent.1,a,a.3,90.707755,610,1303,2619
Sub30,HC,lessClear,bsent.1,a,a.3,90.716825,589,1262,2636
Sub30,HC,lessClear,bsent.1,a,a.3,90.723492,549,1276,2503
Sub30,HC,lessClear,bsent.1,a,a.3,90.740726,534,1270,2525
Sub30,HC,lessClear,bsent.1,a,a.3,90.759864,357,1165,2390
Sub30,HC,lessClear,bsent.1,v,v.1,91.120181,0,0,0
Sub30,HC,lessClear,bsent.1,v,v.1,91.128073,0,0,0
Sub30,HC,lessClear,bsent.1,v,v.1,91.13551,659,1251,2482
Sub30,HC,lessClear,bsent.1,v,v.1,91.14576,649,1238,2534
Sub30,HC,lessClear,bsent.1,v,v.1,91.169751,520,1256,2511
Sub30,HC,lessClear,bsent.1,v,v.1,91.188481,185,1093,2239
Sub30,HC,lessClear,bsent.1,v,v.1,91.198866,1122,2328,3176
Sub30,HC,lessClear,bsent.1,i,i.2,91.292517,0,0,0
Sub30,HC,lessClear,bsent.1,i,i.2,91.300408,0,2067,0
Sub30,HC,lessClear,bsent.1,i,i.2,91.300227,358,2099,2589
Sub30,HC,lessClear,bsent.1,i,i.2,91.317642,390,2153,3726
Sub30,HC,lessClear,tsent.1,ae,ae.1,92.59415,564,1689,2420
Sub30,HC,lessClear,tsent.1,ae,ae.1,92.607211,587,1788,2502
Sub30,HC,lessClear,tsent.1,ae,ae.1,92.617279,600,1789,2519
Sub30,HC,lessClear,tsent.1,ae,ae.1,92.62966,611,1803,2512
Sub30,HC,lessClear,tsent.1,ae,ae.1,92.639909,610,1803,2509
Sub30,HC,lessClear,tsent.1,ae,ae.1,92.651882,611,1781,2506
Sub30,HC,lessClear,tsent.1,ae,ae.1,92.662494,606,1751,2475
Sub30,HC,lessClear,tsent.1,ae,ae.1,92.674467,597,1720,2471
Sub30,HC,lessClear,tsent.1,ae,ae.1,92.684717,588,1691,2433
Sub30,HC,lessClear,tsent.1,ae,ae.1,92.696145,593,1679,2479
Sub30,HC,lessClear,tsent.1,ae,ae.1,92.706304,540,1668,2444
Sub30,HC,lessClear,tsent.1,ae,ae.1,92.718231,514,1654,2400
Sub30,HC,lessClear,ksent.1,a,a.4,94.61805,452,1453,0
Sub30,HC,lessClear,ksent.1,a,a.4,94.625941,517,1475,0
Sub30,HC,lessClear,ksent.1,a,a.4,94.631973,549,1518,0
Sub30,HC,lessClear,ksent.1,a,a.4,94.639138,624,1583,0
Sub30,HC,lessClear,ksent.1,a,a.4,94.653787,624,1615,0
Sub30,HC,lessClear,ksent.1,a,a.4,94.661678,657,1658,0
Sub30,HC,lessClear,ksent.1,a,a.4,94.660771,617,1672,2334
Sub30,HC,lessClear,ksent.1,a,a.4,94.669478,608,1681,2373
Sub30,HC,lessClear,ksent.1,a,a.4,94.68644,533,1668,2437
Sub30,HC,lessClear,ksent.1,o,o.1,94.876553,441,1260,0
Sub30,HC,lessClear,ksent.1,o,o.1,94.884444,452,1238,0
Sub30,HC,lessClear,ksent.1,o,o.1,94.892336,452,1217,0
Sub30,HC,lessClear,ksent.1,o,o.1,94.900227,441,1184,0
Sub30,HC,lessClear,ksent.1,o,o.1,94.908118,441,1174,0
Sub30,HC,lessClear,ksent.1,o,o.1,94.907619,423,1105,1939
Sub30,HC,lessClear,ksent.1,o,o.1,94.917234,398,1112,1957
Sub30,HC,lessClear,ksent.1,o,o.1,94.92322,467,1023,3151
Sub30,HC,lessClear,ksent.1,o,o.1,94.946939,503,1012,3115
Sub30,HC,lessClear,ksent.1,o,o.1,94.965714,517,991,0
Sub30,HC,lessClear,ksent.1,o,o.1,94.975873,463,991,3329
Sub30,HC,lessClear,ksent.1,a,a.5,95.26898,997,2555,3546
Sub30,HC,lessClear,ksent.1,a,a.5,95.286712,0,0,0
Sub30,HC,lessClear,ksent.1,a,a.5,95.294603,0,0,0
Sub30,HC,lessClear,ksent.1,a,a.5,95.302494,0,0,0
Sub30,HC,lessClear,ksent.1,a,a.5,95.310385,0,0,0
Sub30,HC,lessClear,ksent.1,a,a.5,95.318277,0,0,0
Sub30,HC,lessClear,ksent.1,a,a.5,95.326168,0,0,0
Sub30,HC,lessClear,ksent.1,a,a.5,95.334059,0,0,0
Sub30,HC,lessClear,ksent.1,a,a.5,95.34195,0,0,0
Sub30,HC,lessClear,ksent.1,a,a.5,95.349841,0,0,0
Sub30,HC,lessClear,ksent.1,a,a.5,95.357732,0,0,0
Sub30,HC,lessClear,ksent.1,a,a.5,95.365624,0,0,0
Sub30,HC,lessClear,ksent.1,a,a.5,95.373515,0,0,0
Sub30,HC,lessClear,ksent.1,a,a.5,95.381406,0,0,0
Sub30,HC,lessClear,ksent.1,a,a.5,95.389297,0,0,0
Sub30,HC,lessClear,ksent.1,a,a.5,95.397188,0,0,0
Sub30,HC,lessClear,ksent.1,a,a.5,95.405079,0,0,0
Sub30,HC,lessClear,ksent.1,a,a.5,95.412971,0,0,0
Sub30,HC,lessClear,ksent.1,a,a.5,95.413787,1076,2598,0
Sub30,HC,lessClear,ksent.1,a,a.5,95.426213,644,0,0
Sub30,HC,lessClear,ksent.1,a,a.5,95.440816,940,2337,3753
Sub30,HC,lessClear,ksent.1,a,a.5,95.457868,1008,2366,3242
Sub30,HC,lessClear,ksent.1,a,a.5,95.475283,1001,0,0
Sub30,HC,lessClear,ksent.1,a,a.5,95.492063,0,2255,3510
Sub30,HC,lessClear,ksent.1,a,a.5,95.518277,0,0,0
Sub30,HC,lessClear,ksent.1,a,a.5,95.526168,0,0,0
Sub30,HC,lessClear,bsent.2,ai,ai.2,96.607891,613,1171,2570
Sub30,HC,lessClear,bsent.2,ai,ai.2,96.623673,665,1197,2595
Sub30,HC,lessClear,bsent.2,ai,ai.2,96.633197,666,1277,2535
Sub30,HC,lessClear,bsent.2,ai,ai.2,96.646531,673,1276,2577
Sub30,HC,lessClear,bsent.2,ai,ai.2,96.655692,694,1317,2548
Sub30,HC,lessClear,bsent.2,ai,ai.2,96.668118,694,1362,2552
Sub30,HC,lessClear,bsent.2,ai,ai.2,96.676553,713,1421,2542
Sub30,HC,lessClear,bsent.2,ai,ai.2,96.684989,740,1474,2534
Sub30,HC,lessClear,bsent.2,ai,ai.2,96.69551,744,1549,2503
Sub30,HC,lessClear,bsent.2,ai,ai.2,96.704218,764,1584,2557
Sub30,HC,lessClear,bsent.2,ai,ai.2,96.713968,782,1636,2503
Sub30,HC,lessClear,bsent.2,ai,ai.2,96.723946,751,1663,2486
Sub30,HC,lessClear,bsent.2,ai,ai.2,96.730748,714,1718,2479
Sub30,HC,lessClear,bsent.2,ai,ai.2,96.738413,634,1752,2483
Sub30,HC,lessClear,bsent.2,ai,ai.2,96.75941,464,1644,2457
Sub30,HC,lessClear,bsent.2,a,a.6,96.864853,0,0,0
Sub30,HC,lessClear,bsent.2,a,a.6,96.872744,0,0,0
Sub30,HC,lessClear,bsent.2,a,a.6,96.87932,422,1281,2134
Sub30,HC,lessClear,bsent.2,a,a.6,96.889297,525,1360,2568
Sub30,HC,lessClear,bsent.2,a,a.6,96.901497,603,1300,2551
Sub30,HC,lessClear,bsent.2,a,a.6,96.913832,613,1321,2555
Sub30,HC,lessClear,bsent.2,a,a.6,96.92712,626,1324,2543
Sub30,HC,lessClear,bsent.2,a,a.6,96.938277,623,1315,2482
Sub30,HC,lessClear,bsent.2,a,a.6,96.950159,576,1307,2463
Sub30,HC,lessClear,bsent.2,a,a.6,96.961587,536,1254,2388
Sub30,HC,lessClear,bsent.2,a,a.6,96.969569,426,1150,2323
Sub30,HC,lessClear,bsent.2,a,a.6,96.979637,394,1215,3710
Sub30,HC,lessClear,bsent.2,i,i.3,97.031383,325,1840,2380
Sub30,HC,lessClear,bsent.2,i,i.3,97.041905,323,1957,2509
Sub30,HC,lessClear,bsent.2,i,i.3,97.05415,316,2013,2611
Sub30,HC,lessClear,bsent.2,i,i.3,97.065034,305,2037,2680
Sub30,HC,lessClear,bsent.2,i,i.3,97.077551,289,2030,2736
Sub30,HC,lessClear,bsent.2,i,i.3,97.087438,289,2065,2750
Sub30,HC,lessClear,bsent.2,i,i.3,97.098685,287,2104,2722
Sub30,HC,lessClear,bsent.2,i,i.3,97.111338,329,2037,2637
Sub30,HC,lessClear,bsent.2,i,i.3,97.122132,360,1977,2573
Sub30,HC,lessClear,bsent.2,i,i.3,97.134331,371,2035,2572
Sub30,HC,lessClear,bsent.2,v,v.2,97.343356,489,1286,2540
Sub30,HC,lessClear,bsent.2,v,v.2,97.353741,617,1316,2501
Sub30,HC,lessClear,bsent.2,v,v.2,97.362449,638,1294,2474
Sub30,HC,lessClear,bsent.2,v,v.2,97.382494,677,1298,2501
Sub30,HC,lessClear,bsent.2,v,v.2,97.391202,591,1352,2431
Sub30,HC,lessClear,bsent.2,v,v.2,97.406259,0,1351,2506
Sub30,HC,lessClear,bsent.2,v,v.2,97.418005,0,1091,2284
Sub30,HC,lessClear,bsent.2,v,v.2,97.425896,963,0,0
Sub30,HC,lessClear,bsent.2,i,i.4,97.507211,0,0,0
Sub30,HC,lessClear,bsent.2,i,i.4,97.515102,420,1766,0
Sub30,HC,lessClear,bsent.2,i,i.4,97.522993,431,1820,0
Sub30,HC,lessClear,bsent.2,i,i.4,97.530884,452,1863,0
Sub30,HC,lessClear,bsent.2,i,i.4,97.538776,452,1906,0
Sub30,HC,lessClear,bsent.2,i,i.4,97.546667,452,1916,0
Sub30,HC,lessClear,bsent.2,i,i.4,97.554558,474,1927,0
Sub30,HC,lessClear,bsent.2,i,i.4,97.562449,474,1949,0
Sub30,HC,lessClear,bsent.2,i,i.4,97.57034,495,1981,0
Sub30,HC,lessClear,bsent.2,i,i.4,97.578231,495,2013,0
Sub30,HC,lessClear,bsent.2,i,i.4,97.586122,495,2024,0
Sub30,HC,lessClear,bsent.2,i,i.4,97.594014,506,2046,0
Sub30,HC,lessClear,bsent.2,i,i.4,97.601905,517,2046,0
Sub30,HC,lessClear,bsent.2,i,i.4,97.609796,528,2056,0
Sub30,HC,lessClear,bsent.2,i,i.4,97.617687,528,2067,0
Sub30,HC,lessClear,bsent.2,i,i.4,97.625578,528,2067,0
Sub30,HC,lessClear,tsent.2,ae,ae.2,98.895283,490,1724,2587
Sub30,HC,lessClear,tsent.2,ae,ae.2,98.907075,562,1759,2486
Sub30,HC,lessClear,tsent.2,ae,ae.2,98.917506,565,1756,2464
Sub30,HC,lessClear,tsent.2,ae,ae.2,98.929116,605,1809,2467
Sub30,HC,lessClear,tsent.2,ae,ae.2,98.939819,563,1733,2446
Sub30,HC,lessClear,tsent.2,ae,ae.2,98.951293,591,1770,2481
Sub30,HC,lessClear,tsent.2,ae,ae.2,98.961905,557,1742,2513
Sub30,HC,lessClear,tsent.2,ae,ae.2,98.972653,562,1704,2382
Sub30,HC,lessClear,tsent.2,ae,ae.2,98.983084,575,1696,2397
Sub30,HC,lessClear,tsent.2,ae,ae.2,98.993968,535,1570,2298
Sub30,HC,lessClear,tsent.2,ae,ae.2,99.004807,529,1595,2339
Sub30,HC,lessClear,tsent.2,ae,ae.2,99.01542,493,1594,2339
Sub30,HC,lessClear,tsent.2,ae,ae.2,99.026621,0,0,0
Sub30,HC,lessClear,tsent.2,ae,ae.2,99.037324,190,1340,2239
Sub30,HC,lessClear,ksent.2,a,a.7,100.849705,585,1486,2434
Sub30,HC,lessClear,ksent.2,a,a.7,100.86068,670,1475,2460
Sub30,HC,lessClear,ksent.2,a,a.7,100.872472,625,1485,2362
Sub30,HC,lessClear,ksent.2,a,a.7,100.88381,651,1563,2395
Sub30,HC,lessClear,ksent.2,a,a.7,100.895329,600,1575,2389
Sub30,HC,lessClear,ksent.2,a,a.7,100.906667,531,1634,2401
Sub30,HC,lessClear,ksent.2,o,o.2,101.118005,495,1249,0
Sub30,HC,lessClear,ksent.2,o,o.2,101.125896,484,1227,0
Sub30,HC,lessClear,ksent.2,o,o.2,101.133787,484,1217,0
Sub30,HC,lessClear,ksent.2,o,o.2,101.141678,474,1206,0
Sub30,HC,lessClear,ksent.2,o,o.2,101.142404,463,1195,2013
Sub30,HC,lessClear,ksent.2,o,o.2,101.151111,441,1083,2315
Sub30,HC,lessClear,ksent.2,o,o.2,101.167256,409,1087,0
Sub30,HC,lessClear,ksent.2,o,o.2,101.175147,388,1087,0
Sub30,HC,lessClear,ksent.2,o,o.2,101.183039,377,1120,0
Sub30,HC,lessClear,ksent.2,a,a.8,101.509796,345,931,1758
Sub30,HC,lessClear,ksent.2,a,a.8,101.517959,366,994,1845
Sub30,HC,lessClear,ksent.2,a,a.8,101.525805,366,1065,1894
Sub30,HC,lessClear,ksent.2,a,a.8,101.536054,377,991,1941
Sub30,HC,lessClear,ksent.2,a,a.8,101.552653,377,1055,2121
Sub30,HC,lessClear,ksent.2,a,a.8,101.573152,345,1035,2284
Sub30,HC,lessClear,ksent.2,a,a.8,101.58195,291,1005,2356
Sub30,HC,lessClear,ksent.2,a,a.8,101.59034,269,989,2322
Sub30,HC,lessClear,ksent.2,a,a.8,101.598503,258,934,2305
Sub30,HC,lessClear,ksent.2,a,a.8,101.606667,240,953,2266
Sub30,HC,lessClear,ksent.2,a,a.8,101.615329,208,971,2274
Sub30,HC,lessClear,ksent.2,a,a.8,101.623401,190,1037,2222
Sub30,HC,lessClear,ksent.2,a,a.8,101.631791,255,954,2421
Sub30,HC,lessClear,ksent.2,a,a.8,101.640454,245,1056,2519
Sub30,HC,lessClear,ksent.2,a,a.8,101.648798,869,2858,3799
Sub30,HC,lessClear,ksent.2,a,a.8,101.658367,0,0,0
Sub30,HC,lessClear,ksent.2,a,a.8,101.666531,712,0,0
Sub30,HC,lessClear,ksent.2,a,a.8,101.675057,737,1964,3296
Sub30,HC,lessClear,ksent.2,a,a.8,101.684898,935,0,0
Sub30,HC,lessClear,bsent.3,ai,ai.3,102.797642,609,1199,2645
Sub30,HC,lessClear,bsent.3,ai,ai.3,102.813878,675,1248,2606
Sub30,HC,lessClear,bsent.3,ai,ai.3,102.823764,766,1290,2599
Sub30,HC,lessClear,bsent.3,ai,ai.3,102.841451,779,1316,2625
Sub30,HC,lessClear,bsent.3,ai,ai.3,102.851927,829,1321,2625
Sub30,HC,lessClear,bsent.3,ai,ai.3,102.859002,861,1367,2571
Sub30,HC,lessClear,bsent.3,ai,ai.3,102.874921,872,1367,0
Sub30,HC,lessClear,bsent.3,ai,ai.3,102.878685,872,1443,3492
Sub30,HC,lessClear,bsent.3,ai,ai.3,102.88839,872,1443,3510
Sub30,HC,lessClear,bsent.3,ai,ai.3,102.90576,872,1486,0
Sub30,HC,lessClear,bsent.3,ai,ai.3,102.905533,861,1550,3600
Sub30,HC,lessClear,bsent.3,ai,ai.3,102.914921,861,1572,3662
Sub30,HC,lessClear,bsent.3,ai,ai.3,102.924082,861,1615,3717
Sub30,HC,lessClear,bsent.3,ai,ai.3,102.941406,786,1755,3733
Sub30,HC,lessClear,bsent.3,ai,ai.3,102.949841,732,1787,3667
Sub30,HC,lessClear,bsent.3,ai,ai.3,102.959002,646,1798,3638
Sub30,HC,lessClear,bsent.3,ai,ai.3,102.967347,538,1766,3575
Sub30,HC,lessClear,bsent.3,ai,ai.3,102.975828,420,1701,3478
Sub30,HC,lessClear,bsent.3,a,a.9,103.096735,574,1334,2508
Sub30,HC,lessClear,bsent.3,a,a.9,103.106349,593,1315,2574
Sub30,HC,lessClear,bsent.3,a,a.9,103.116054,588,1309,2559
Sub30,HC,lessClear,bsent.3,a,a.9,103.123855,582,1280,2527
Sub30,HC,lessClear,bsent.3,a,a.9,103.134331,599,1260,2533
Sub30,HC,lessClear,bsent.3,a,a.9,103.159637,441,1210,2393
Sub30,HC,lessClear,bsent.3,i,i.5,103.245805,345,2003,0
Sub30,HC,lessClear,bsent.3,i,i.5,103.253696,355,2003,0
Sub30,HC,lessClear,bsent.3,i,i.5,103.257959,366,2050,2582
Sub30,HC,lessClear,bsent.3,i,i.5,103.272472,345,2077,2606
Sub30,HC,lessClear,bsent.3,i,i.5,103.289297,354,2103,2594
Sub30,HC,lessClear,bsent.3,i,i.5,103.30517,356,2084,2552
Sub30,HC,lessClear,bsent.3,i,i.5,103.31941,376,2040,2552
Sub30,HC,lessClear,bsent.3,i,i.5,103.329478,409,2018,2497
Sub30,HC,lessClear,bsent.3,i,i.5,103.35034,428,2011,2469
Sub30,HC,lessClear,bsent.3,v,v.3,103.543673,560,1303,0
Sub30,HC,lessClear,bsent.3,v,v.3,103.551565,571,1303,0
Sub30,HC,lessClear,bsent.3,v,v.3,103.55542,571,1281,3339
Sub30,HC,lessClear,bsent.3,v,v.3,103.564807,571,1281,3479
Sub30,HC,lessClear,bsent.3,v,v.3,103.573515,571,1281,3494
Sub30,HC,lessClear,bsent.3,v,v.3,103.582857,571,1260,3534
Sub30,HC,lessClear,bsent.3,v,v.3,103.591293,571,1260,3442
Sub30,HC,lessClear,bsent.3,v,v.3,103.60068,560,1238,3485
Sub30,HC,lessClear,bsent.3,v,v.3,103.608934,549,1227,0
Sub30,HC,lessClear,bsent.3,v,v.3,103.61805,538,1227,0
Sub30,HC,lessClear,bsent.3,v,v.3,103.624762,517,1227,0
Sub30,HC,lessClear,bsent.3,i,i.6,103.713741,0,0,0
Sub30,HC,lessClear,bsent.3,i,i.6,103.721633,0,1895,0
Sub30,HC,lessClear,bsent.3,i,i.6,103.729524,301,1927,0
Sub30,HC,lessClear,bsent.3,i,i.6,103.737415,301,1960,0
Sub30,HC,lessClear,bsent.3,i,i.6,103.74195,324,2035,2500
Sub30,HC,lessClear,bsent.3,i,i.6,103.759456,291,2067,3669
Sub30,HC,lessClear,bsent.3,i,i.6,103.786576,291,2099,0
Sub30,HC,lessClear,bsent.3,i,i.6,103.794467,291,2132,0
Sub30,HC,lessClear,bsent.3,i,i.6,103.802358,291,2143,0
Sub30,HC,lessClear,bsent.3,i,i.6,103.810249,280,2153,0
Sub30,HC,lessClear,bsent.3,i,i.6,103.818141,269,2153,0
Sub30,HC,lessClear,tsent.3,ae,ae.3,104.975873,0,0,0
Sub30,HC,lessClear,tsent.3,ae,ae.3,104.983764,0,0,0
Sub30,HC,lessClear,tsent.3,ae,ae.3,104.991655,0,0,0
Sub30,HC,lessClear,tsent.3,ae,ae.3,104.989796,509,1864,2546
Sub30,HC,lessClear,tsent.3,ae,ae.3,105.017324,544,1898,2483
Sub30,HC,lessClear,tsent.3,ae,ae.3,105.030431,546,1903,2516
Sub30,HC,lessClear,tsent.3,ae,ae.3,105.041497,549,1920,2543
Sub30,HC,lessClear,tsent.3,ae,ae.3,105.052562,563,1921,2565
Sub30,HC,lessClear,tsent.3,ae,ae.3,105.063946,554,1929,2570
Sub30,HC,lessClear,tsent.3,ae,ae.3,105.074558,563,1923,2572
Sub30,HC,lessClear,tsent.3,ae,ae.3,105.085941,521,1912,2554
Sub30,HC,lessClear,tsent.3,ae,ae.3,105.095964,489,1866,2532
Sub30,HC,lessClear,tsent.3,ae,ae.3,105.10585,429,1800,2489
Sub30,HC,lessClear,tsent.3,ae,ae.3,105.118095,311,1728,2414
Sub30,HC,lessClear,tsent.3,ae,ae.3,105.12898,0,1626,2380
Sub30,HC,lessClear,tsent.3,ae,ae.3,105.144898,0,0,0
Sub30,HC,lessClear,ksent.3,a,a.10,106.912925,622,1579,2523
Sub30,HC,lessClear,ksent.3,a,a.10,106.923447,640,1626,2474
Sub30,HC,lessClear,ksent.3,a,a.10,106.940136,641,1673,2416
Sub30,HC,lessClear,ksent.3,a,a.10,106.950385,614,1700,2292
Sub30,HC,lessClear,ksent.3,a,a.10,106.976009,294,1563,2422
Sub30,HC,lessClear,ksent.3,a,a.10,106.981995,359,0,2385
Sub30,HC,lessClear,ksent.3,o,o.3,107.171156,678,1184,0
Sub30,HC,lessClear,ksent.3,o,o.3,107.179048,646,1174,0
Sub30,HC,lessClear,ksent.3,o,o.3,107.186939,463,1152,0
Sub30,HC,lessClear,ksent.3,o,o.3,107.187846,416,1109,2099
Sub30,HC,lessClear,ksent.3,o,o.3,107.205351,424,1071,2268
Sub30,HC,lessClear,ksent.3,o,o.3,107.224354,351,980,2348
Sub30,HC,lessClear,ksent.3,a,a.11,107.530431,0,0,0
Sub30,HC,lessClear,ksent.3,a,a.11,107.53746,409,1111,2036
Sub30,HC,lessClear,ksent.3,a,a.11,107.557143,465,1152,1985
Sub30,HC,lessClear,ksent.3,a,a.11,107.566757,470,1141,2031
Sub30,HC,lessClear,ksent.3,a,a.11,107.574921,456,1098,1996
Sub30,HC,lessClear,ksent.3,a,a.11,107.584898,445,1077,1830
Sub30,HC,lessClear,ksent.3,a,a.11,107.60263,474,1066,0
Sub30,HC,lessClear,ksent.3,a,a.11,107.605624,511,1055,0
Sub30,HC,lessClear,ksent.3,a,a.11,107.61551,403,1012,0
Sub30,HC,lessClear,ksent.3,a,a.11,107.637234,308,1067,0
Sub30,HC,lessClear,ksent.3,a,a.11,107.646893,377,1117,0
Sub30,HC,lessClear,ksent.3,a,a.11,107.654966,377,1090,0
Sub30,HC,lessClear,ksent.3,a,a.11,107.665533,388,1066,0
Sub30,HC,lessClear,ksent.3,a,a.11,107.675238,377,1034,0
Sub30,HC,lessClear,ksent.3,a,a.11,107.692608,0,0,0
Sub30,HC,lessClear,ksent.3,a,a.11,107.700499,0,0,0
Sub30,HC,lessClear,ksent.3,a,a.11,107.705306,1024,0,0
Sub30,HC,lessClear,ksent.3,a,a.11,107.721995,927,2470,0
Sub30,HC,lessClear,ksent.3,a,a.11,107.74263,852,0,0
Sub30,HC,lessClear,ksent.3,a,a.11,107.754059,1085,2909,3576
Sub30,HC,lessClear,ksent.3,a,a.11,107.770476,1055,0,0
Sub30,HC,lessClear,bsent.4,ai,ai.4,108.799728,571,0,0
Sub30,HC,lessClear,bsent.4,ai,ai.4,108.803673,657,1217,3421
Sub30,HC,lessClear,bsent.4,ai,ai.4,108.811111,721,1249,3418
Sub30,HC,lessClear,bsent.4,ai,ai.4,108.82263,797,1281,3478
Sub30,HC,lessClear,bsent.4,ai,ai.4,108.835601,861,1303,3554
Sub30,HC,lessClear,bsent.4,ai,ai.4,108.850295,883,1270,3602
Sub30,HC,lessClear,bsent.4,ai,ai.4,108.860726,894,1281,3694
Sub30,HC,lessClear,bsent.4,ai,ai.4,108.874331,915,1389,3625
Sub30,HC,lessClear,bsent.4,ai,ai.4,108.883946,872,1464,3628
Sub30,HC,lessClear,bsent.4,ai,ai.4,108.893197,840,1507,3599
Sub30,HC,lessClear,bsent.4,ai,ai.4,108.903628,807,1561,3631
Sub30,HC,lessClear,bsent.4,ai,ai.4,108.918594,743,1658,3667
Sub30,HC,lessClear,bsent.4,ai,ai.4,108.936689,721,1712,3640
Sub30,HC,lessClear,bsent.4,ai,ai.4,108.954195,700,1733,3496
Sub30,HC,lessClear,bsent.4,a,a.12,109.069206,0,0,0
Sub30,HC,lessClear,bsent.4,a,a.12,109.077098,0,0,0
Sub30,HC,lessClear,bsent.4,a,a.12,109.07932,588,1308,2569
Sub30,HC,lessClear,bsent.4,a,a.12,109.090385,626,1369,2525
Sub30,HC,lessClear,bsent.4,a,a.12,109.106032,580,1304,2520
Sub30,HC,lessClear,bsent.4,a,a.12,109.127982,558,1233,2482
Sub30,HC,lessClear,bsent.4,a,a.12,109.141043,480,1231,2315
Sub30,HC,lessClear,bsent.4,a,a.12,109.155465,343,1133,2236
Sub30,HC,lessClear,bsent.4,i,i.7,109.229615,345,2003,2615
Sub30,HC,lessClear,bsent.4,i,i.7,109.239955,340,1979,2522
Sub30,HC,lessClear,bsent.4,i,i.7,109.255828,362,2016,2561
Sub30,HC,lessClear,bsent.4,i,i.7,109.268163,361,2057,2604
Sub30,HC,lessClear,bsent.4,i,i.7,109.279683,398,2005,2556
Sub30,HC,lessClear,bsent.4,i,i.7,109.289796,404,2002,2514
Sub30,HC,lessClear,bsent.4,i,i.7,109.304036,401,2007,2516
Sub30,HC,lessClear,bsent.4,i,i.7,109.329025,419,1908,2455
Sub30,HC,lessClear,bsent.4,v,v.4,109.490249,0,0,0
Sub30,HC,lessClear,bsent.4,v,v.4,109.498141,0,0,0
Sub30,HC,lessClear,bsent.4,v,v.4,109.506032,0,0,0
Sub30,HC,lessClear,bsent.4,v,v.4,109.51288,426,1217,2441
Sub30,HC,lessClear,bsent.4,v,v.4,109.522222,524,1241,2441
Sub30,HC,lessClear,bsent.4,v,v.4,109.536508,563,1258,2486
Sub30,HC,lessClear,bsent.4,v,v.4,109.545941,578,1263,2458
Sub30,HC,lessClear,bsent.4,v,v.4,109.555374,525,1216,2453
Sub30,HC,lessClear,bsent.4,v,v.4,109.564172,658,1309,2445
Sub30,HC,lessClear,bsent.4,v,v.4,109.574014,835,0,2472
Sub30,HC,lessClear,bsent.4,v,v.4,109.58263,1138,2404,3238
Sub30,HC,lessClear,bsent.4,i,i.8,109.681406,301,1863,3497
Sub30,HC,lessClear,bsent.4,i,i.8,109.697642,303,1916,2367
Sub30,HC,lessClear,bsent.4,i,i.8,109.723175,301,1916,0
Sub30,HC,lessClear,bsent.4,i,i.8,109.731066,280,1949,0
Sub30,HC,lessClear,bsent.4,i,i.8,109.738957,269,2003,0
Sub30,HC,lessClear,bsent.4,i,i.8,109.746848,248,2003,0
Sub30,HC,lessClear,bsent.4,i,i.8,109.754739,237,2003,0
Sub30,HC,lessClear,bsent.4,i,i.8,109.76263,226,2003,0
Sub30,HC,lessClear,bsent.4,i,i.8,109.770522,226,2013,0
Sub30,HC,lessClear,tsent.4,ae,ae.4,110.929478,457,1799,2472
Sub30,HC,lessClear,tsent.4,ae,ae.4,110.938005,545,1816,2451
Sub30,HC,lessClear,tsent.4,ae,ae.4,110.952154,564,1918,2524
Sub30,HC,lessClear,tsent.4,ae,ae.4,110.964444,564,1877,2453
Sub30,HC,lessClear,tsent.4,ae,ae.4,110.974694,585,1869,2468
Sub30,HC,lessClear,tsent.4,ae,ae.4,110.987982,594,1869,2465
Sub30,HC,lessClear,tsent.4,ae,ae.4,110.997596,583,1846,2452
Sub30,HC,lessClear,tsent.4,ae,ae.4,111.011655,587,1812,2423
Sub30,HC,lessClear,tsent.4,ae,ae.4,111.020998,584,1806,2460
Sub30,HC,lessClear,tsent.4,ae,ae.4,111.03415,566,1753,2391
Sub30,HC,lessClear,tsent.4,ae,ae.4,111.043764,546,1729,2386
Sub30,HC,lessClear,tsent.4,ae,ae.4,111.056916,384,1544,2331
Sub30,HC,lessClear,ksent.4,a,a.13,112.750113,0,0,0
Sub30,HC,lessClear,ksent.4,a,a.13,112.757007,555,1485,2539
Sub30,HC,lessClear,ksent.4,a,a.13,112.765714,619,1463,2355
Sub30,HC,lessClear,ksent.4,a,a.13,112.777415,609,1512,2384
Sub30,HC,lessClear,ksent.4,a,a.13,112.787302,611,1565,2376
Sub30,HC,lessClear,ksent.4,a,a.13,112.799365,612,1633,2364
Sub30,HC,lessClear,ksent.4,a,a.13,112.809252,567,1692,2399
Sub30,HC,lessClear,ksent.4,a,a.13,112.820136,521,1692,2371
Sub30,HC,lessClear,ksent.4,a,a.13,112.831746,408,1663,2316
Sub30,HC,lessClear,ksent.4,o,o.4,113.033741,0,0,0
Sub30,HC,lessClear,ksent.4,o,o.4,113.041633,0,0,0
Sub30,HC,lessClear,ksent.4,o,o.4,113.039184,420,1083,2010
Sub30,HC,lessClear,ksent.4,o,o.4,113.055646,469,1066,2206
Sub30,HC,lessClear,ksent.4,o,o.4,113.071429,455,1069,2335
Sub30,HC,lessClear,ksent.4,o,o.4,113.086621,428,1071,2353
Sub30,HC,lessClear,ksent.4,o,o.4,113.096825,367,0,2383
Sub30,HC,lessClear,ksent.4,a,a.14,113.298322,0,1238,0
Sub30,HC,lessClear,ksent.4,a,a.14,113.306213,398,1249,0
Sub30,HC,lessClear,ksent.4,a,a.14,113.314104,420,1249,0
Sub30,HC,lessClear,ksent.4,a,a.14,113.321995,420,1249,0
Sub30,HC,lessClear,ksent.4,a,a.14,113.329887,431,1260,0
Sub30,HC,lessClear,ksent.4,a,a.14,113.337778,431,1260,0
Sub30,HC,lessClear,ksent.4,a,a.14,113.345669,441,1260,0
Sub30,HC,lessClear,ksent.4,a,a.14,113.35356,441,1249,0
Sub30,HC,lessClear,ksent.4,a,a.14,113.361451,441,1249,0
Sub30,HC,lessClear,ksent.4,a,a.14,113.369342,441,1249,0
Sub30,HC,lessClear,ksent.4,a,a.14,113.377234,431,1249,0
Sub30,HC,lessClear,ksent.4,a,a.14,113.385125,431,1249,0
Sub30,HC,lessClear,ksent.4,a,a.14,113.383084,431,1227,0
Sub30,HC,lessClear,ksent.4,a,a.14,113.392698,420,1217,0
Sub30,HC,lessClear,ksent.4,a,a.14,113.409977,420,1206,0
Sub30,HC,lessClear,ksent.4,a,a.14,113.417868,420,1206,0
Sub30,HC,lessClear,ksent.4,a,a.14,113.418957,441,1206,0
Sub30,HC,lessClear,ksent.4,a,a.14,113.437732,474,1184,0
Sub30,HC,lessClear,ksent.4,a,a.14,113.450068,495,1152,0
Sub30,HC,lessClear,ksent.4,a,a.14,113.471156,495,1152,0
Sub30,HC,lessClear,ksent.4,a,a.14,113.480862,495,1130,0
Sub30,HC,lessClear,ksent.4,a,a.14,113.499138,484,1109,0
Sub30,HC,lessClear,ksent.4,a,a.14,113.507029,474,1098,0
Sub30,HC,lessClear,ksent.4,a,a.14,113.514921,474,1087,0
Sub30,HC,lessClear,ksent.4,a,a.14,113.509297,484,1077,0
Sub30,HC,lessClear,ksent.4,a,a.14,113.52644,878,3042,0
Sub30,HC,lessClear,ksent.4,a,a.14,113.554014,0,0,0
Sub30,HC,lessClear,ksent.4,a,a.14,113.561905,0,0,0
Sub30,HC,lessClear,ksent.4,a,a.14,113.556236,1085,0,0
Sub30,HC,lessClear,ksent.4,a,a.14,113.573469,1117,3093,0
Sub30,HC,lessClear,ksent.4,a,a.14,113.601905,0,0,0
Sub30,HC,lessClear,ksent.4,a,a.14,113.609796,0,0,0
Sub30,HC,lessClear,ksent.4,a,a.14,113.617687,0,0,0
Sub30,HC,lessClear,ksent.4,a,a.14,113.625578,0,0,0
Sub30,HC,lessClear,ksent.4,a,a.14,113.622721,1043,2317,3162
